Command: vcs -timescale=1ns/1fs -j4 -sverilog +v2k -full64 -Mupdate -R -debug_access+all \
-f filelist.f -o simv -l vcs.log -v /EDA_LIB/LIB/CBDK_IC_Contest_v2.5/Verilog/tsmc13_neg.v \
+define+GATE +neg_tchk
*** Using c compiler gcc instead of cc ...
                         Chronologic VCS (TM)
         Version T-2022.06_Full64 -- Tue May 19 03:48:06 2026

                    Copyright (c) 1991 - 2022 Synopsys, Inc.
   This software and the associated documentation are proprietary to Synopsys,
 Inc. This software may only be used in accordance with the terms and conditions
 of a written license agreement with Synopsys, Inc. All other use, reproduction,
   or distribution of this software is strictly prohibited.  Licensed Products
     communicate with Synopsys servers for the purpose of providing software
    updates, detecting software piracy and verifying that customers are using
    Licensed Products in conformity with the applicable License Key for such
  Licensed Products. Synopsys will use information gathered in connection with
    this process to deliver software updates and pursue software pirates and
                                   infringers.

 Inclusivity & Diversity - Visit SolvNetPlus to read the "Synopsys Statement on
            Inclusivity and Diversity" (Refer to article 000036315 at
                        https://solvnetplus.synopsys.com)

Parsing design file 'TESTBED.v'
Parsing included file 'PATTERN.v'.
Back to file 'TESTBED.v'.
Parsing included file 'FIFO_SYN.v'.
Back to file 'TESTBED.v'.
Parsing library file '/EDA_LIB/LIB/CBDK_IC_Contest_v2.5/Verilog/tsmc13_neg.v'
Top Level Modules:
       TESTBED

Warning-[AOUP] Attempt to override undefined parameter
TESTBED.v, 62
  Attempting to override undefined parameter "DATA_WIDTH", will ignore it.


Warning-[AOUP] Attempt to override undefined parameter
TESTBED.v, 62
  Attempting to override undefined parameter "FIFO_DEPTH", will ignore it.

TimeScale is 1 ns / 1 ps

Warning-[TFIPC] Too few instance port connections
FIFO_SYN.v, 75
FIFO, "DFFRX1 w_ptr_reg_5_( .D (n500),  .CK (clk),  .RN (n58),  .Q (w_ptr[5]));"
  The above instance has fewer port connections than the module definition.
  Please use '+lint=TFIPC-L' to print out detailed information of unconnected 
  ports.


Warning-[TFIPC] Too few instance port connections
FIFO_SYN.v, 76
FIFO, "DFFRX1 r_ptr_reg_5_( .D (n440),  .CK (clk),  .RN (n58),  .Q (r_ptr_5_));"
  The above instance has fewer port connections than the module definition.
  Please use '+lint=TFIPC-L' to print out detailed information of unconnected 
  ports.


Warning-[TFIPC] Too few instance port connections
FIFO_SYN.v, 83
FIFO, "DFFRX1 w_ptr_reg_1_( .D (n54),  .CK (clk),  .RN (n58),  .Q (w_ptr[1]));"
  The above instance has fewer port connections than the module definition.
  Please use '+lint=TFIPC-L' to print out detailed information of unconnected 
  ports.


Warning-[TFIPC] Too few instance port connections
FIFO_SYN.v, 84
FIFO, "DFFRX1 w_ptr_reg_3_( .D (n520),  .CK (clk),  .RN (n58),  .Q (w_ptr[3]));"
  The above instance has fewer port connections than the module definition.
  Please use '+lint=TFIPC-L' to print out detailed information of unconnected 
  ports.


Warning-[TFIPC] Too few instance port connections
FIFO_SYN.v, 85
FIFO, "DFFRX1 w_ptr_reg_2_( .D (n530),  .CK (clk),  .RN (n58),  .Q (w_ptr[2]));"
  The above instance has fewer port connections than the module definition.
  Please use '+lint=TFIPC-L' to print out detailed information of unconnected 
  ports.


Warning-[TFIPC] Too few instance port connections
FIFO_SYN.v, 86
FIFO, "DFFRX1 w_ptr_reg_4_( .D (n510),  .CK (clk),  .RN (n58),  .Q (w_ptr[4]));"
  The above instance has fewer port connections than the module definition.
  Please use '+lint=TFIPC-L' to print out detailed information of unconnected 
  ports.


Warning-[TFIPC] Too few instance port connections
FIFO_SYN.v, 87
FIFO, "TLATX1 sram_row_2__cell_q_reg_7_( .G (N24),  .D (n260),  .Q (sram_row_2__cell_q[7]));"
  The above instance has fewer port connections than the module definition.
  Please use '+lint=TFIPC-L' to print out detailed information of unconnected 
  ports.


Warning-[TFIPC] Too few instance port connections
FIFO_SYN.v, 89
FIFO, "TLATX1 sram_row_2__cell_q_reg_6_( .G (N24),  .D (n257),  .Q (sram_row_2__cell_q[6]));"
  The above instance has fewer port connections than the module definition.
  Please use '+lint=TFIPC-L' to print out detailed information of unconnected 
  ports.


Warning-[TFIPC] Too few instance port connections
FIFO_SYN.v, 91
FIFO, "TLATX1 sram_row_2__cell_q_reg_5_( .G (N24),  .D (n254),  .Q (sram_row_2__cell_q[5]));"
  The above instance has fewer port connections than the module definition.
  Please use '+lint=TFIPC-L' to print out detailed information of unconnected 
  ports.


Warning-[TFIPC] Too few instance port connections
FIFO_SYN.v, 93
FIFO, "TLATX1 sram_row_2__cell_q_reg_4_( .G (N24),  .D (n251),  .Q (sram_row_2__cell_q[4]));"
  The above instance has fewer port connections than the module definition.
  Please use '+lint=TFIPC-L' to print out detailed information of unconnected 
  ports.


Warning-[TFIPC] Too few instance port connections
FIFO_SYN.v, 95
FIFO, "TLATX1 sram_row_2__cell_q_reg_3_( .G (N24),  .D (n248),  .Q (sram_row_2__cell_q[3]));"
  The above instance has fewer port connections than the module definition.
  Please use '+lint=TFIPC-L' to print out detailed information of unconnected 
  ports.


Warning-[TFIPC] Too few instance port connections
FIFO_SYN.v, 97
FIFO, "TLATX1 sram_row_2__cell_q_reg_2_( .G (N24),  .D (n245),  .Q (sram_row_2__cell_q[2]));"
  The above instance has fewer port connections than the module definition.
  Please use '+lint=TFIPC-L' to print out detailed information of unconnected 
  ports.


Warning-[TFIPC] Too few instance port connections
FIFO_SYN.v, 99
FIFO, "TLATX1 sram_row_2__cell_q_reg_1_( .G (N24),  .D (n242),  .Q (sram_row_2__cell_q[1]));"
  The above instance has fewer port connections than the module definition.
  Please use '+lint=TFIPC-L' to print out detailed information of unconnected 
  ports.


Warning-[TFIPC] Too few instance port connections
FIFO_SYN.v, 101
FIFO, "TLATX1 sram_row_2__cell_q_reg_0_( .G (N24),  .D (n239),  .Q (sram_row_2__cell_q[0]));"
  The above instance has fewer port connections than the module definition.
  Please use '+lint=TFIPC-L' to print out detailed information of unconnected 
  ports.


Warning-[TFIPC] Too few instance port connections
FIFO_SYN.v, 103
FIFO, "TLATX1 sram_row_14__cell_q_reg_7_( .G (N36),  .D (n259),  .Q (sram_row_14__cell_q[7]));"
  The above instance has fewer port connections than the module definition.
  Please use '+lint=TFIPC-L' to print out detailed information of unconnected 
  ports.


Warning-[TFIPC] Too few instance port connections
FIFO_SYN.v, 105
FIFO, "TLATX1 sram_row_14__cell_q_reg_6_( .G (N36),  .D (n256),  .Q (sram_row_14__cell_q[6]));"
  The above instance has fewer port connections than the module definition.
  Please use '+lint=TFIPC-L' to print out detailed information of unconnected 
  ports.


Warning-[TFIPC] Too few instance port connections
FIFO_SYN.v, 107
FIFO, "TLATX1 sram_row_14__cell_q_reg_5_( .G (N36),  .D (n253),  .Q (sram_row_14__cell_q[5]));"
  The above instance has fewer port connections than the module definition.
  Please use '+lint=TFIPC-L' to print out detailed information of unconnected 
  ports.


Warning-[TFIPC] Too few instance port connections
FIFO_SYN.v, 109
FIFO, "TLATX1 sram_row_14__cell_q_reg_4_( .G (N36),  .D (n250),  .Q (sram_row_14__cell_q[4]));"
  The above instance has fewer port connections than the module definition.
  Please use '+lint=TFIPC-L' to print out detailed information of unconnected 
  ports.


Warning-[TFIPC] Too few instance port connections
FIFO_SYN.v, 111
FIFO, "TLATX1 sram_row_14__cell_q_reg_3_( .G (N36),  .D (n247),  .Q (sram_row_14__cell_q[3]));"
  The above instance has fewer port connections than the module definition.
  Please use '+lint=TFIPC-L' to print out detailed information of unconnected 
  ports.


Warning-[TFIPC] Too few instance port connections
FIFO_SYN.v, 113
FIFO, "TLATX1 sram_row_14__cell_q_reg_2_( .G (N36),  .D (n244),  .Q (sram_row_14__cell_q[2]));"
  The above instance has fewer port connections than the module definition.
  Please use '+lint=TFIPC-L' to print out detailed information of unconnected 
  ports.


Warning-[TFIPC] Too few instance port connections
FIFO_SYN.v, 115
FIFO, "TLATX1 sram_row_14__cell_q_reg_1_( .G (N36),  .D (n241),  .Q (sram_row_14__cell_q[1]));"
  The above instance has fewer port connections than the module definition.
  Please use '+lint=TFIPC-L' to print out detailed information of unconnected 
  ports.


Warning-[TFIPC] Too few instance port connections
FIFO_SYN.v, 117
FIFO, "TLATX1 sram_row_14__cell_q_reg_0_( .G (N36),  .D (n238),  .Q (sram_row_14__cell_q[0]));"
  The above instance has fewer port connections than the module definition.
  Please use '+lint=TFIPC-L' to print out detailed information of unconnected 
  ports.


Warning-[TFIPC] Too few instance port connections
FIFO_SYN.v, 119
FIFO, "TLATX1 sram_row_10__cell_q_reg_7_( .G (N32),  .D (n259),  .Q (sram_row_10__cell_q[7]));"
  The above instance has fewer port connections than the module definition.
  Please use '+lint=TFIPC-L' to print out detailed information of unconnected 
  ports.


Warning-[TFIPC] Too few instance port connections
FIFO_SYN.v, 121
FIFO, "TLATX1 sram_row_10__cell_q_reg_6_( .G (N32),  .D (n256),  .Q (sram_row_10__cell_q[6]));"
  The above instance has fewer port connections than the module definition.
  Please use '+lint=TFIPC-L' to print out detailed information of unconnected 
  ports.


Warning-[TFIPC] Too few instance port connections
FIFO_SYN.v, 123
FIFO, "TLATX1 sram_row_10__cell_q_reg_5_( .G (N32),  .D (n253),  .Q (sram_row_10__cell_q[5]));"
  The above instance has fewer port connections than the module definition.
  Please use '+lint=TFIPC-L' to print out detailed information of unconnected 
  ports.


Warning-[TFIPC] Too few instance port connections
FIFO_SYN.v, 125
FIFO, "TLATX1 sram_row_10__cell_q_reg_4_( .G (N32),  .D (n250),  .Q (sram_row_10__cell_q[4]));"
  The above instance has fewer port connections than the module definition.
  Please use '+lint=TFIPC-L' to print out detailed information of unconnected 
  ports.


Warning-[TFIPC] Too few instance port connections
FIFO_SYN.v, 127
FIFO, "TLATX1 sram_row_10__cell_q_reg_3_( .G (N32),  .D (n247),  .Q (sram_row_10__cell_q[3]));"
  The above instance has fewer port connections than the module definition.
  Please use '+lint=TFIPC-L' to print out detailed information of unconnected 
  ports.


Warning-[TFIPC] Too few instance port connections
FIFO_SYN.v, 129
FIFO, "TLATX1 sram_row_10__cell_q_reg_2_( .G (N32),  .D (n244),  .Q (sram_row_10__cell_q[2]));"
  The above instance has fewer port connections than the module definition.
  Please use '+lint=TFIPC-L' to print out detailed information of unconnected 
  ports.


Warning-[TFIPC] Too few instance port connections
FIFO_SYN.v, 131
FIFO, "TLATX1 sram_row_10__cell_q_reg_1_( .G (N32),  .D (n241),  .Q (sram_row_10__cell_q[1]));"
  The above instance has fewer port connections than the module definition.
  Please use '+lint=TFIPC-L' to print out detailed information of unconnected 
  ports.


Warning-[TFIPC] Too few instance port connections
FIFO_SYN.v, 133
FIFO, "TLATX1 sram_row_10__cell_q_reg_0_( .G (N32),  .D (n238),  .Q (sram_row_10__cell_q[0]));"
  The above instance has fewer port connections than the module definition.
  Please use '+lint=TFIPC-L' to print out detailed information of unconnected 
  ports.


Warning-[TFIPC] Too few instance port connections
FIFO_SYN.v, 135
FIFO, "TLATX1 sram_row_6__cell_q_reg_7_( .G (N28),  .D (n259),  .Q (sram_row_6__cell_q[7]));"
  The above instance has fewer port connections than the module definition.
  Please use '+lint=TFIPC-L' to print out detailed information of unconnected 
  ports.


Warning-[TFIPC] Too few instance port connections
FIFO_SYN.v, 137
FIFO, "TLATX1 sram_row_6__cell_q_reg_6_( .G (N28),  .D (n256),  .Q (sram_row_6__cell_q[6]));"
  The above instance has fewer port connections than the module definition.
  Please use '+lint=TFIPC-L' to print out detailed information of unconnected 
  ports.


Warning-[TFIPC] Too few instance port connections
FIFO_SYN.v, 139
FIFO, "TLATX1 sram_row_6__cell_q_reg_5_( .G (N28),  .D (n253),  .Q (sram_row_6__cell_q[5]));"
  The above instance has fewer port connections than the module definition.
  Please use '+lint=TFIPC-L' to print out detailed information of unconnected 
  ports.


Warning-[TFIPC] Too few instance port connections
FIFO_SYN.v, 141
FIFO, "TLATX1 sram_row_6__cell_q_reg_4_( .G (N28),  .D (n250),  .Q (sram_row_6__cell_q[4]));"
  The above instance has fewer port connections than the module definition.
  Please use '+lint=TFIPC-L' to print out detailed information of unconnected 
  ports.


Warning-[TFIPC] Too few instance port connections
FIFO_SYN.v, 143
FIFO, "TLATX1 sram_row_6__cell_q_reg_3_( .G (N28),  .D (n247),  .Q (sram_row_6__cell_q[3]));"
  The above instance has fewer port connections than the module definition.
  Please use '+lint=TFIPC-L' to print out detailed information of unconnected 
  ports.


Warning-[TFIPC] Too few instance port connections
FIFO_SYN.v, 145
FIFO, "TLATX1 sram_row_6__cell_q_reg_2_( .G (N28),  .D (n244),  .Q (sram_row_6__cell_q[2]));"
  The above instance has fewer port connections than the module definition.
  Please use '+lint=TFIPC-L' to print out detailed information of unconnected 
  ports.


Warning-[TFIPC] Too few instance port connections
FIFO_SYN.v, 147
FIFO, "TLATX1 sram_row_6__cell_q_reg_1_( .G (N28),  .D (n241),  .Q (sram_row_6__cell_q[1]));"
  The above instance has fewer port connections than the module definition.
  Please use '+lint=TFIPC-L' to print out detailed information of unconnected 
  ports.


Warning-[TFIPC] Too few instance port connections
FIFO_SYN.v, 149
FIFO, "TLATX1 sram_row_6__cell_q_reg_0_( .G (N28),  .D (n238),  .Q (sram_row_6__cell_q[0]));"
  The above instance has fewer port connections than the module definition.
  Please use '+lint=TFIPC-L' to print out detailed information of unconnected 
  ports.


Warning-[TFIPC] Too few instance port connections
FIFO_SYN.v, 151
FIFO, "TLATX1 sram_row_3__cell_q_reg_7_( .G (N25),  .D (n260),  .Q (sram_row_3__cell_q[7]));"
  The above instance has fewer port connections than the module definition.
  Please use '+lint=TFIPC-L' to print out detailed information of unconnected 
  ports.


Warning-[TFIPC] Too few instance port connections
FIFO_SYN.v, 153
FIFO, "TLATX1 sram_row_3__cell_q_reg_6_( .G (N25),  .D (n257),  .Q (sram_row_3__cell_q[6]));"
  The above instance has fewer port connections than the module definition.
  Please use '+lint=TFIPC-L' to print out detailed information of unconnected 
  ports.


Warning-[TFIPC] Too few instance port connections
FIFO_SYN.v, 155
FIFO, "TLATX1 sram_row_3__cell_q_reg_5_( .G (N25),  .D (n254),  .Q (sram_row_3__cell_q[5]));"
  The above instance has fewer port connections than the module definition.
  Please use '+lint=TFIPC-L' to print out detailed information of unconnected 
  ports.


Warning-[TFIPC] Too few instance port connections
FIFO_SYN.v, 157
FIFO, "TLATX1 sram_row_3__cell_q_reg_4_( .G (N25),  .D (n251),  .Q (sram_row_3__cell_q[4]));"
  The above instance has fewer port connections than the module definition.
  Please use '+lint=TFIPC-L' to print out detailed information of unconnected 
  ports.


Warning-[TFIPC] Too few instance port connections
FIFO_SYN.v, 159
FIFO, "TLATX1 sram_row_3__cell_q_reg_3_( .G (N25),  .D (n248),  .Q (sram_row_3__cell_q[3]));"
  The above instance has fewer port connections than the module definition.
  Please use '+lint=TFIPC-L' to print out detailed information of unconnected 
  ports.


Warning-[TFIPC] Too few instance port connections
FIFO_SYN.v, 161
FIFO, "TLATX1 sram_row_3__cell_q_reg_2_( .G (N25),  .D (n245),  .Q (sram_row_3__cell_q[2]));"
  The above instance has fewer port connections than the module definition.
  Please use '+lint=TFIPC-L' to print out detailed information of unconnected 
  ports.


Warning-[TFIPC] Too few instance port connections
FIFO_SYN.v, 163
FIFO, "TLATX1 sram_row_3__cell_q_reg_1_( .G (N25),  .D (n242),  .Q (sram_row_3__cell_q[1]));"
  The above instance has fewer port connections than the module definition.
  Please use '+lint=TFIPC-L' to print out detailed information of unconnected 
  ports.


Warning-[TFIPC] Too few instance port connections
FIFO_SYN.v, 165
FIFO, "TLATX1 sram_row_3__cell_q_reg_0_( .G (N25),  .D (n239),  .Q (sram_row_3__cell_q[0]));"
  The above instance has fewer port connections than the module definition.
  Please use '+lint=TFIPC-L' to print out detailed information of unconnected 
  ports.


Warning-[TFIPC] Too few instance port connections
FIFO_SYN.v, 167
FIFO, "TLATX1 sram_row_15__cell_q_reg_7_( .G (N37),  .D (n259),  .Q (sram_row_15__cell_q[7]));"
  The above instance has fewer port connections than the module definition.
  Please use '+lint=TFIPC-L' to print out detailed information of unconnected 
  ports.


Warning-[TFIPC] Too few instance port connections
FIFO_SYN.v, 169
FIFO, "TLATX1 sram_row_15__cell_q_reg_6_( .G (N37),  .D (n256),  .Q (sram_row_15__cell_q[6]));"
  The above instance has fewer port connections than the module definition.
  Please use '+lint=TFIPC-L' to print out detailed information of unconnected 
  ports.


Warning-[TFIPC] Too few instance port connections
FIFO_SYN.v, 171
FIFO, "TLATX1 sram_row_15__cell_q_reg_5_( .G (N37),  .D (n253),  .Q (sram_row_15__cell_q[5]));"
  The above instance has fewer port connections than the module definition.
  Please use '+lint=TFIPC-L' to print out detailed information of unconnected 
  ports.


Warning-[TFIPC] Too few instance port connections
FIFO_SYN.v, 173
FIFO, "TLATX1 sram_row_15__cell_q_reg_4_( .G (N37),  .D (n250),  .Q (sram_row_15__cell_q[4]));"
  The above instance has fewer port connections than the module definition.
  Please use '+lint=TFIPC-L' to print out detailed information of unconnected 
  ports.


Warning-[TFIPC] Too few instance port connections
FIFO_SYN.v, 175
FIFO, "TLATX1 sram_row_15__cell_q_reg_3_( .G (N37),  .D (n247),  .Q (sram_row_15__cell_q[3]));"
  The above instance has fewer port connections than the module definition.
  Please use '+lint=TFIPC-L' to print out detailed information of unconnected 
  ports.


Warning-[TFIPC] Too few instance port connections
FIFO_SYN.v, 177
FIFO, "TLATX1 sram_row_15__cell_q_reg_2_( .G (N37),  .D (n244),  .Q (sram_row_15__cell_q[2]));"
  The above instance has fewer port connections than the module definition.
  Please use '+lint=TFIPC-L' to print out detailed information of unconnected 
  ports.


Warning-[TFIPC] Too few instance port connections
FIFO_SYN.v, 179
FIFO, "TLATX1 sram_row_15__cell_q_reg_1_( .G (N37),  .D (n241),  .Q (sram_row_15__cell_q[1]));"
  The above instance has fewer port connections than the module definition.
  Please use '+lint=TFIPC-L' to print out detailed information of unconnected 
  ports.


Warning-[TFIPC] Too few instance port connections
FIFO_SYN.v, 181
FIFO, "TLATX1 sram_row_15__cell_q_reg_0_( .G (N37),  .D (n238),  .Q (sram_row_15__cell_q[0]));"
  The above instance has fewer port connections than the module definition.
  Please use '+lint=TFIPC-L' to print out detailed information of unconnected 
  ports.


Warning-[TFIPC] Too few instance port connections
FIFO_SYN.v, 183
FIFO, "TLATX1 sram_row_11__cell_q_reg_7_( .G (N33),  .D (n259),  .Q (sram_row_11__cell_q[7]));"
  The above instance has fewer port connections than the module definition.
  Please use '+lint=TFIPC-L' to print out detailed information of unconnected 
  ports.


Warning-[TFIPC] Too few instance port connections
FIFO_SYN.v, 185
FIFO, "TLATX1 sram_row_11__cell_q_reg_6_( .G (N33),  .D (n256),  .Q (sram_row_11__cell_q[6]));"
  The above instance has fewer port connections than the module definition.
  Please use '+lint=TFIPC-L' to print out detailed information of unconnected 
  ports.


Warning-[TFIPC] Too few instance port connections
FIFO_SYN.v, 187
FIFO, "TLATX1 sram_row_11__cell_q_reg_5_( .G (N33),  .D (n253),  .Q (sram_row_11__cell_q[5]));"
  The above instance has fewer port connections than the module definition.
  Please use '+lint=TFIPC-L' to print out detailed information of unconnected 
  ports.


Warning-[TFIPC] Too few instance port connections
FIFO_SYN.v, 189
FIFO, "TLATX1 sram_row_11__cell_q_reg_4_( .G (N33),  .D (n250),  .Q (sram_row_11__cell_q[4]));"
  The above instance has fewer port connections than the module definition.
  Please use '+lint=TFIPC-L' to print out detailed information of unconnected 
  ports.


Warning-[TFIPC] Too few instance port connections
FIFO_SYN.v, 191
FIFO, "TLATX1 sram_row_11__cell_q_reg_3_( .G (N33),  .D (n247),  .Q (sram_row_11__cell_q[3]));"
  The above instance has fewer port connections than the module definition.
  Please use '+lint=TFIPC-L' to print out detailed information of unconnected 
  ports.


Warning-[TFIPC] Too few instance port connections
FIFO_SYN.v, 193
FIFO, "TLATX1 sram_row_11__cell_q_reg_2_( .G (N33),  .D (n244),  .Q (sram_row_11__cell_q[2]));"
  The above instance has fewer port connections than the module definition.
  Please use '+lint=TFIPC-L' to print out detailed information of unconnected 
  ports.


Warning-[TFIPC] Too few instance port connections
FIFO_SYN.v, 195
FIFO, "TLATX1 sram_row_11__cell_q_reg_1_( .G (N33),  .D (n241),  .Q (sram_row_11__cell_q[1]));"
  The above instance has fewer port connections than the module definition.
  Please use '+lint=TFIPC-L' to print out detailed information of unconnected 
  ports.


Warning-[TFIPC] Too few instance port connections
FIFO_SYN.v, 197
FIFO, "TLATX1 sram_row_11__cell_q_reg_0_( .G (N33),  .D (n238),  .Q (sram_row_11__cell_q[0]));"
  The above instance has fewer port connections than the module definition.
  Please use '+lint=TFIPC-L' to print out detailed information of unconnected 
  ports.


Warning-[TFIPC] Too few instance port connections
FIFO_SYN.v, 199
FIFO, "TLATX1 sram_row_7__cell_q_reg_7_( .G (N29),  .D (n259),  .Q (sram_row_7__cell_q[7]));"
  The above instance has fewer port connections than the module definition.
  Please use '+lint=TFIPC-L' to print out detailed information of unconnected 
  ports.


Warning-[TFIPC] Too few instance port connections
FIFO_SYN.v, 201
FIFO, "TLATX1 sram_row_7__cell_q_reg_6_( .G (N29),  .D (n256),  .Q (sram_row_7__cell_q[6]));"
  The above instance has fewer port connections than the module definition.
  Please use '+lint=TFIPC-L' to print out detailed information of unconnected 
  ports.


Warning-[TFIPC] Too few instance port connections
FIFO_SYN.v, 203
FIFO, "TLATX1 sram_row_7__cell_q_reg_5_( .G (N29),  .D (n253),  .Q (sram_row_7__cell_q[5]));"
  The above instance has fewer port connections than the module definition.
  Please use '+lint=TFIPC-L' to print out detailed information of unconnected 
  ports.


Warning-[TFIPC] Too few instance port connections
FIFO_SYN.v, 205
FIFO, "TLATX1 sram_row_7__cell_q_reg_4_( .G (N29),  .D (n250),  .Q (sram_row_7__cell_q[4]));"
  The above instance has fewer port connections than the module definition.
  Please use '+lint=TFIPC-L' to print out detailed information of unconnected 
  ports.


Warning-[TFIPC] Too few instance port connections
FIFO_SYN.v, 207
FIFO, "TLATX1 sram_row_7__cell_q_reg_3_( .G (N29),  .D (n247),  .Q (sram_row_7__cell_q[3]));"
  The above instance has fewer port connections than the module definition.
  Please use '+lint=TFIPC-L' to print out detailed information of unconnected 
  ports.


Warning-[TFIPC] Too few instance port connections
FIFO_SYN.v, 209
FIFO, "TLATX1 sram_row_7__cell_q_reg_2_( .G (N29),  .D (n244),  .Q (sram_row_7__cell_q[2]));"
  The above instance has fewer port connections than the module definition.
  Please use '+lint=TFIPC-L' to print out detailed information of unconnected 
  ports.


Warning-[TFIPC] Too few instance port connections
FIFO_SYN.v, 211
FIFO, "TLATX1 sram_row_7__cell_q_reg_1_( .G (N29),  .D (n241),  .Q (sram_row_7__cell_q[1]));"
  The above instance has fewer port connections than the module definition.
  Please use '+lint=TFIPC-L' to print out detailed information of unconnected 
  ports.


Warning-[TFIPC] Too few instance port connections
FIFO_SYN.v, 213
FIFO, "TLATX1 sram_row_7__cell_q_reg_0_( .G (N29),  .D (n238),  .Q (sram_row_7__cell_q[0]));"
  The above instance has fewer port connections than the module definition.
  Please use '+lint=TFIPC-L' to print out detailed information of unconnected 
  ports.


Warning-[TFIPC] Too few instance port connections
FIFO_SYN.v, 215
FIFO, "TLATX1 sram_row_30__cell_q_reg_6_( .G (N52),  .D (n255),  .Q (sram_row_30__cell_q[6]));"
  The above instance has fewer port connections than the module definition.
  Please use '+lint=TFIPC-L' to print out detailed information of unconnected 
  ports.


Warning-[TFIPC] Too few instance port connections
FIFO_SYN.v, 217
FIFO, "TLATX1 sram_row_30__cell_q_reg_5_( .G (N52),  .D (n252),  .Q (sram_row_30__cell_q[5]));"
  The above instance has fewer port connections than the module definition.
  Please use '+lint=TFIPC-L' to print out detailed information of unconnected 
  ports.


Warning-[TFIPC] Too few instance port connections
FIFO_SYN.v, 219
FIFO, "TLATX1 sram_row_30__cell_q_reg_4_( .G (N52),  .D (n249),  .Q (sram_row_30__cell_q[4]));"
  The above instance has fewer port connections than the module definition.
  Please use '+lint=TFIPC-L' to print out detailed information of unconnected 
  ports.


Warning-[TFIPC] Too few instance port connections
FIFO_SYN.v, 221
FIFO, "TLATX1 sram_row_30__cell_q_reg_3_( .G (N52),  .D (n246),  .Q (sram_row_30__cell_q[3]));"
  The above instance has fewer port connections than the module definition.
  Please use '+lint=TFIPC-L' to print out detailed information of unconnected 
  ports.


Warning-[TFIPC] Too few instance port connections
FIFO_SYN.v, 223
FIFO, "TLATX1 sram_row_30__cell_q_reg_2_( .G (N52),  .D (n243),  .Q (sram_row_30__cell_q[2]));"
  The above instance has fewer port connections than the module definition.
  Please use '+lint=TFIPC-L' to print out detailed information of unconnected 
  ports.


Warning-[TFIPC] Too few instance port connections
FIFO_SYN.v, 225
FIFO, "TLATX1 sram_row_30__cell_q_reg_1_( .G (N52),  .D (n2401),  .Q (sram_row_30__cell_q[1]));"
  The above instance has fewer port connections than the module definition.
  Please use '+lint=TFIPC-L' to print out detailed information of unconnected 
  ports.


Warning-[TFIPC] Too few instance port connections
FIFO_SYN.v, 227
FIFO, "TLATX1 sram_row_30__cell_q_reg_0_( .G (N52),  .D (n237),  .Q (sram_row_30__cell_q[0]));"
  The above instance has fewer port connections than the module definition.
  Please use '+lint=TFIPC-L' to print out detailed information of unconnected 
  ports.


Warning-[TFIPC] Too few instance port connections
FIFO_SYN.v, 229
FIFO, "TLATX1 sram_row_26__cell_q_reg_6_( .G (N48),  .D (n255),  .Q (sram_row_26__cell_q[6]));"
  The above instance has fewer port connections than the module definition.
  Please use '+lint=TFIPC-L' to print out detailed information of unconnected 
  ports.


Warning-[TFIPC] Too few instance port connections
FIFO_SYN.v, 231
FIFO, "TLATX1 sram_row_26__cell_q_reg_5_( .G (N48),  .D (n252),  .Q (sram_row_26__cell_q[5]));"
  The above instance has fewer port connections than the module definition.
  Please use '+lint=TFIPC-L' to print out detailed information of unconnected 
  ports.


Warning-[TFIPC] Too few instance port connections
FIFO_SYN.v, 233
FIFO, "TLATX1 sram_row_26__cell_q_reg_4_( .G (N48),  .D (n249),  .Q (sram_row_26__cell_q[4]));"
  The above instance has fewer port connections than the module definition.
  Please use '+lint=TFIPC-L' to print out detailed information of unconnected 
  ports.


Warning-[TFIPC] Too few instance port connections
FIFO_SYN.v, 235
FIFO, "TLATX1 sram_row_26__cell_q_reg_3_( .G (N48),  .D (n246),  .Q (sram_row_26__cell_q[3]));"
  The above instance has fewer port connections than the module definition.
  Please use '+lint=TFIPC-L' to print out detailed information of unconnected 
  ports.


Warning-[TFIPC] Too few instance port connections
FIFO_SYN.v, 237
FIFO, "TLATX1 sram_row_26__cell_q_reg_2_( .G (N48),  .D (n243),  .Q (sram_row_26__cell_q[2]));"
  The above instance has fewer port connections than the module definition.
  Please use '+lint=TFIPC-L' to print out detailed information of unconnected 
  ports.


Warning-[TFIPC] Too few instance port connections
FIFO_SYN.v, 239
FIFO, "TLATX1 sram_row_26__cell_q_reg_1_( .G (N48),  .D (n2401),  .Q (sram_row_26__cell_q[1]));"
  The above instance has fewer port connections than the module definition.
  Please use '+lint=TFIPC-L' to print out detailed information of unconnected 
  ports.


Warning-[TFIPC] Too few instance port connections
FIFO_SYN.v, 241
FIFO, "TLATX1 sram_row_26__cell_q_reg_0_( .G (N48),  .D (n237),  .Q (sram_row_26__cell_q[0]));"
  The above instance has fewer port connections than the module definition.
  Please use '+lint=TFIPC-L' to print out detailed information of unconnected 
  ports.


Warning-[TFIPC] Too few instance port connections
FIFO_SYN.v, 243
FIFO, "TLATX1 sram_row_18__cell_q_reg_6_( .G (N40),  .D (n256),  .Q (sram_row_18__cell_q[6]));"
  The above instance has fewer port connections than the module definition.
  Please use '+lint=TFIPC-L' to print out detailed information of unconnected 
  ports.


Warning-[TFIPC] Too few instance port connections
FIFO_SYN.v, 245
FIFO, "TLATX1 sram_row_18__cell_q_reg_5_( .G (N40),  .D (n253),  .Q (sram_row_18__cell_q[5]));"
  The above instance has fewer port connections than the module definition.
  Please use '+lint=TFIPC-L' to print out detailed information of unconnected 
  ports.


Warning-[TFIPC] Too few instance port connections
FIFO_SYN.v, 247
FIFO, "TLATX1 sram_row_18__cell_q_reg_4_( .G (N40),  .D (n250),  .Q (sram_row_18__cell_q[4]));"
  The above instance has fewer port connections than the module definition.
  Please use '+lint=TFIPC-L' to print out detailed information of unconnected 
  ports.


Warning-[TFIPC] Too few instance port connections
FIFO_SYN.v, 249
FIFO, "TLATX1 sram_row_18__cell_q_reg_3_( .G (N40),  .D (n247),  .Q (sram_row_18__cell_q[3]));"
  The above instance has fewer port connections than the module definition.
  Please use '+lint=TFIPC-L' to print out detailed information of unconnected 
  ports.


Warning-[TFIPC] Too few instance port connections
FIFO_SYN.v, 251
FIFO, "TLATX1 sram_row_18__cell_q_reg_2_( .G (N40),  .D (n244),  .Q (sram_row_18__cell_q[2]));"
  The above instance has fewer port connections than the module definition.
  Please use '+lint=TFIPC-L' to print out detailed information of unconnected 
  ports.


Warning-[TFIPC] Too few instance port connections
FIFO_SYN.v, 253
FIFO, "TLATX1 sram_row_18__cell_q_reg_1_( .G (N40),  .D (n241),  .Q (sram_row_18__cell_q[1]));"
  The above instance has fewer port connections than the module definition.
  Please use '+lint=TFIPC-L' to print out detailed information of unconnected 
  ports.


Warning-[TFIPC] Too few instance port connections
FIFO_SYN.v, 255
FIFO, "TLATX1 sram_row_18__cell_q_reg_0_( .G (N40),  .D (n238),  .Q (sram_row_18__cell_q[0]));"
  The above instance has fewer port connections than the module definition.
  Please use '+lint=TFIPC-L' to print out detailed information of unconnected 
  ports.


Warning-[TFIPC] Too few instance port connections
FIFO_SYN.v, 257
FIFO, "TLATX1 sram_row_22__cell_q_reg_6_( .G (N44),  .D (n255),  .Q (sram_row_22__cell_q[6]));"
  The above instance has fewer port connections than the module definition.
  Please use '+lint=TFIPC-L' to print out detailed information of unconnected 
  ports.


Warning-[TFIPC] Too few instance port connections
FIFO_SYN.v, 259
FIFO, "TLATX1 sram_row_22__cell_q_reg_5_( .G (N44),  .D (n252),  .Q (sram_row_22__cell_q[5]));"
  The above instance has fewer port connections than the module definition.
  Please use '+lint=TFIPC-L' to print out detailed information of unconnected 
  ports.


Warning-[TFIPC] Too few instance port connections
FIFO_SYN.v, 261
FIFO, "TLATX1 sram_row_22__cell_q_reg_4_( .G (N44),  .D (n249),  .Q (sram_row_22__cell_q[4]));"
  The above instance has fewer port connections than the module definition.
  Please use '+lint=TFIPC-L' to print out detailed information of unconnected 
  ports.


Warning-[TFIPC] Too few instance port connections
FIFO_SYN.v, 263
FIFO, "TLATX1 sram_row_22__cell_q_reg_3_( .G (N44),  .D (n246),  .Q (sram_row_22__cell_q[3]));"
  The above instance has fewer port connections than the module definition.
  Please use '+lint=TFIPC-L' to print out detailed information of unconnected 
  ports.


Warning-[TFIPC] Too few instance port connections
FIFO_SYN.v, 265
FIFO, "TLATX1 sram_row_22__cell_q_reg_2_( .G (N44),  .D (n243),  .Q (sram_row_22__cell_q[2]));"
  The above instance has fewer port connections than the module definition.
  Please use '+lint=TFIPC-L' to print out detailed information of unconnected 
  ports.


Warning-[TFIPC] Too few instance port connections
FIFO_SYN.v, 267
FIFO, "TLATX1 sram_row_22__cell_q_reg_1_( .G (N44),  .D (n2401),  .Q (sram_row_22__cell_q[1]));"
  The above instance has fewer port connections than the module definition.
  Please use '+lint=TFIPC-L' to print out detailed information of unconnected 
  ports.


Warning-[TFIPC] Too few instance port connections
FIFO_SYN.v, 269
FIFO, "TLATX1 sram_row_22__cell_q_reg_0_( .G (N44),  .D (n237),  .Q (sram_row_22__cell_q[0]));"
  The above instance has fewer port connections than the module definition.
  Please use '+lint=TFIPC-L' to print out detailed information of unconnected 
  ports.


Warning-[TFIPC] Too few instance port connections
FIFO_SYN.v, 271
FIFO, "TLATX1 sram_row_30__cell_q_reg_7_( .G (N52),  .D (n258),  .Q (sram_row_30__cell_q[7]));"
  The above instance has fewer port connections than the module definition.
  Please use '+lint=TFIPC-L' to print out detailed information of unconnected 
  ports.


Warning-[TFIPC] Too few instance port connections
FIFO_SYN.v, 273
FIFO, "TLATX1 sram_row_26__cell_q_reg_7_( .G (N48),  .D (n258),  .Q (sram_row_26__cell_q[7]));"
  The above instance has fewer port connections than the module definition.
  Please use '+lint=TFIPC-L' to print out detailed information of unconnected 
  ports.


Warning-[TFIPC] Too few instance port connections
FIFO_SYN.v, 275
FIFO, "TLATX1 sram_row_18__cell_q_reg_7_( .G (N40),  .D (n259),  .Q (sram_row_18__cell_q[7]));"
  The above instance has fewer port connections than the module definition.
  Please use '+lint=TFIPC-L' to print out detailed information of unconnected 
  ports.


Warning-[TFIPC] Too few instance port connections
FIFO_SYN.v, 277
FIFO, "TLATX1 sram_row_31__cell_q_reg_6_( .G (N53),  .D (n255),  .Q (sram_row_31__cell_q[6]));"
  The above instance has fewer port connections than the module definition.
  Please use '+lint=TFIPC-L' to print out detailed information of unconnected 
  ports.


Warning-[TFIPC] Too few instance port connections
FIFO_SYN.v, 279
FIFO, "TLATX1 sram_row_31__cell_q_reg_5_( .G (N53),  .D (n252),  .Q (sram_row_31__cell_q[5]));"
  The above instance has fewer port connections than the module definition.
  Please use '+lint=TFIPC-L' to print out detailed information of unconnected 
  ports.


Warning-[TFIPC] Too few instance port connections
FIFO_SYN.v, 281
FIFO, "TLATX1 sram_row_31__cell_q_reg_4_( .G (N53),  .D (n249),  .Q (sram_row_31__cell_q[4]));"
  The above instance has fewer port connections than the module definition.
  Please use '+lint=TFIPC-L' to print out detailed information of unconnected 
  ports.


Warning-[TFIPC] Too few instance port connections
FIFO_SYN.v, 283
FIFO, "TLATX1 sram_row_31__cell_q_reg_3_( .G (N53),  .D (n246),  .Q (sram_row_31__cell_q[3]));"
  The above instance has fewer port connections than the module definition.
  Please use '+lint=TFIPC-L' to print out detailed information of unconnected 
  ports.


Warning-[TFIPC] Too few instance port connections
FIFO_SYN.v, 285
FIFO, "TLATX1 sram_row_31__cell_q_reg_2_( .G (N53),  .D (n243),  .Q (sram_row_31__cell_q[2]));"
  The above instance has fewer port connections than the module definition.
  Please use '+lint=TFIPC-L' to print out detailed information of unconnected 
  ports.


Warning-[TFIPC] Too few instance port connections
FIFO_SYN.v, 287
FIFO, "TLATX1 sram_row_31__cell_q_reg_1_( .G (N53),  .D (n2401),  .Q (sram_row_31__cell_q[1]));"
  The above instance has fewer port connections than the module definition.
  Please use '+lint=TFIPC-L' to print out detailed information of unconnected 
  ports.


Warning-[TFIPC] Too few instance port connections
FIFO_SYN.v, 289
FIFO, "TLATX1 sram_row_31__cell_q_reg_0_( .G (N53),  .D (n237),  .Q (sram_row_31__cell_q[0]));"
  The above instance has fewer port connections than the module definition.
  Please use '+lint=TFIPC-L' to print out detailed information of unconnected 
  ports.


Warning-[TFIPC] Too few instance port connections
FIFO_SYN.v, 291
FIFO, "TLATX1 sram_row_22__cell_q_reg_7_( .G (N44),  .D (n258),  .Q (sram_row_22__cell_q[7]));"
  The above instance has fewer port connections than the module definition.
  Please use '+lint=TFIPC-L' to print out detailed information of unconnected 
  ports.


Warning-[TFIPC] Too few instance port connections
FIFO_SYN.v, 293
FIFO, "TLATX1 sram_row_27__cell_q_reg_6_( .G (N49),  .D (n255),  .Q (sram_row_27__cell_q[6]));"
  The above instance has fewer port connections than the module definition.
  Please use '+lint=TFIPC-L' to print out detailed information of unconnected 
  ports.


Warning-[TFIPC] Too few instance port connections
FIFO_SYN.v, 295
FIFO, "TLATX1 sram_row_27__cell_q_reg_5_( .G (N49),  .D (n252),  .Q (sram_row_27__cell_q[5]));"
  The above instance has fewer port connections than the module definition.
  Please use '+lint=TFIPC-L' to print out detailed information of unconnected 
  ports.


Warning-[TFIPC] Too few instance port connections
FIFO_SYN.v, 297
FIFO, "TLATX1 sram_row_27__cell_q_reg_4_( .G (N49),  .D (n249),  .Q (sram_row_27__cell_q[4]));"
  The above instance has fewer port connections than the module definition.
  Please use '+lint=TFIPC-L' to print out detailed information of unconnected 
  ports.


Warning-[TFIPC] Too few instance port connections
FIFO_SYN.v, 299
FIFO, "TLATX1 sram_row_27__cell_q_reg_3_( .G (N49),  .D (n246),  .Q (sram_row_27__cell_q[3]));"
  The above instance has fewer port connections than the module definition.
  Please use '+lint=TFIPC-L' to print out detailed information of unconnected 
  ports.


Warning-[TFIPC] Too few instance port connections
FIFO_SYN.v, 301
FIFO, "TLATX1 sram_row_27__cell_q_reg_2_( .G (N49),  .D (n243),  .Q (sram_row_27__cell_q[2]));"
  The above instance has fewer port connections than the module definition.
  Please use '+lint=TFIPC-L' to print out detailed information of unconnected 
  ports.


Warning-[TFIPC] Too few instance port connections
FIFO_SYN.v, 303
FIFO, "TLATX1 sram_row_27__cell_q_reg_1_( .G (N49),  .D (n2401),  .Q (sram_row_27__cell_q[1]));"
  The above instance has fewer port connections than the module definition.
  Please use '+lint=TFIPC-L' to print out detailed information of unconnected 
  ports.


Warning-[TFIPC] Too few instance port connections
FIFO_SYN.v, 305
FIFO, "TLATX1 sram_row_27__cell_q_reg_0_( .G (N49),  .D (n237),  .Q (sram_row_27__cell_q[0]));"
  The above instance has fewer port connections than the module definition.
  Please use '+lint=TFIPC-L' to print out detailed information of unconnected 
  ports.


Warning-[TFIPC] Too few instance port connections
FIFO_SYN.v, 307
FIFO, "TLATX1 sram_row_19__cell_q_reg_6_( .G (N41),  .D (n255),  .Q (sram_row_19__cell_q[6]));"
  The above instance has fewer port connections than the module definition.
  Please use '+lint=TFIPC-L' to print out detailed information of unconnected 
  ports.


Warning-[TFIPC] Too few instance port connections
FIFO_SYN.v, 309
FIFO, "TLATX1 sram_row_19__cell_q_reg_5_( .G (N41),  .D (n252),  .Q (sram_row_19__cell_q[5]));"
  The above instance has fewer port connections than the module definition.
  Please use '+lint=TFIPC-L' to print out detailed information of unconnected 
  ports.


Warning-[TFIPC] Too few instance port connections
FIFO_SYN.v, 311
FIFO, "TLATX1 sram_row_19__cell_q_reg_4_( .G (N41),  .D (n249),  .Q (sram_row_19__cell_q[4]));"
  The above instance has fewer port connections than the module definition.
  Please use '+lint=TFIPC-L' to print out detailed information of unconnected 
  ports.


Warning-[TFIPC] Too few instance port connections
FIFO_SYN.v, 313
FIFO, "TLATX1 sram_row_19__cell_q_reg_3_( .G (N41),  .D (n246),  .Q (sram_row_19__cell_q[3]));"
  The above instance has fewer port connections than the module definition.
  Please use '+lint=TFIPC-L' to print out detailed information of unconnected 
  ports.


Warning-[TFIPC] Too few instance port connections
FIFO_SYN.v, 315
FIFO, "TLATX1 sram_row_19__cell_q_reg_2_( .G (N41),  .D (n243),  .Q (sram_row_19__cell_q[2]));"
  The above instance has fewer port connections than the module definition.
  Please use '+lint=TFIPC-L' to print out detailed information of unconnected 
  ports.


Warning-[TFIPC] Too few instance port connections
FIFO_SYN.v, 317
FIFO, "TLATX1 sram_row_19__cell_q_reg_1_( .G (N41),  .D (n2401),  .Q (sram_row_19__cell_q[1]));"
  The above instance has fewer port connections than the module definition.
  Please use '+lint=TFIPC-L' to print out detailed information of unconnected 
  ports.


Warning-[TFIPC] Too few instance port connections
FIFO_SYN.v, 319
FIFO, "TLATX1 sram_row_19__cell_q_reg_0_( .G (N41),  .D (n237),  .Q (sram_row_19__cell_q[0]));"
  The above instance has fewer port connections than the module definition.
  Please use '+lint=TFIPC-L' to print out detailed information of unconnected 
  ports.


Warning-[TFIPC] Too few instance port connections
FIFO_SYN.v, 321
FIFO, "TLATX1 sram_row_23__cell_q_reg_6_( .G (N45),  .D (n255),  .Q (sram_row_23__cell_q[6]));"
  The above instance has fewer port connections than the module definition.
  Please use '+lint=TFIPC-L' to print out detailed information of unconnected 
  ports.


Warning-[TFIPC] Too few instance port connections
FIFO_SYN.v, 323
FIFO, "TLATX1 sram_row_23__cell_q_reg_5_( .G (N45),  .D (n252),  .Q (sram_row_23__cell_q[5]));"
  The above instance has fewer port connections than the module definition.
  Please use '+lint=TFIPC-L' to print out detailed information of unconnected 
  ports.


Warning-[TFIPC] Too few instance port connections
FIFO_SYN.v, 325
FIFO, "TLATX1 sram_row_23__cell_q_reg_4_( .G (N45),  .D (n249),  .Q (sram_row_23__cell_q[4]));"
  The above instance has fewer port connections than the module definition.
  Please use '+lint=TFIPC-L' to print out detailed information of unconnected 
  ports.


Warning-[TFIPC] Too few instance port connections
FIFO_SYN.v, 327
FIFO, "TLATX1 sram_row_23__cell_q_reg_3_( .G (N45),  .D (n246),  .Q (sram_row_23__cell_q[3]));"
  The above instance has fewer port connections than the module definition.
  Please use '+lint=TFIPC-L' to print out detailed information of unconnected 
  ports.


Warning-[TFIPC] Too few instance port connections
FIFO_SYN.v, 329
FIFO, "TLATX1 sram_row_23__cell_q_reg_2_( .G (N45),  .D (n243),  .Q (sram_row_23__cell_q[2]));"
  The above instance has fewer port connections than the module definition.
  Please use '+lint=TFIPC-L' to print out detailed information of unconnected 
  ports.


Warning-[TFIPC] Too few instance port connections
FIFO_SYN.v, 331
FIFO, "TLATX1 sram_row_23__cell_q_reg_1_( .G (N45),  .D (n2401),  .Q (sram_row_23__cell_q[1]));"
  The above instance has fewer port connections than the module definition.
  Please use '+lint=TFIPC-L' to print out detailed information of unconnected 
  ports.


Warning-[TFIPC] Too few instance port connections
FIFO_SYN.v, 333
FIFO, "TLATX1 sram_row_23__cell_q_reg_0_( .G (N45),  .D (n237),  .Q (sram_row_23__cell_q[0]));"
  The above instance has fewer port connections than the module definition.
  Please use '+lint=TFIPC-L' to print out detailed information of unconnected 
  ports.


Warning-[TFIPC] Too few instance port connections
FIFO_SYN.v, 335
FIFO, "TLATX1 sram_row_31__cell_q_reg_7_( .G (N53),  .D (n258),  .Q (sram_row_31__cell_q[7]));"
  The above instance has fewer port connections than the module definition.
  Please use '+lint=TFIPC-L' to print out detailed information of unconnected 
  ports.


Warning-[TFIPC] Too few instance port connections
FIFO_SYN.v, 337
FIFO, "TLATX1 sram_row_27__cell_q_reg_7_( .G (N49),  .D (n258),  .Q (sram_row_27__cell_q[7]));"
  The above instance has fewer port connections than the module definition.
  Please use '+lint=TFIPC-L' to print out detailed information of unconnected 
  ports.


Warning-[TFIPC] Too few instance port connections
FIFO_SYN.v, 339
FIFO, "TLATX1 sram_row_19__cell_q_reg_7_( .G (N41),  .D (n258),  .Q (sram_row_19__cell_q[7]));"
  The above instance has fewer port connections than the module definition.
  Please use '+lint=TFIPC-L' to print out detailed information of unconnected 
  ports.


Warning-[TFIPC] Too few instance port connections
FIFO_SYN.v, 341
FIFO, "TLATX1 sram_row_23__cell_q_reg_7_( .G (N45),  .D (n258),  .Q (sram_row_23__cell_q[7]));"
  The above instance has fewer port connections than the module definition.
  Please use '+lint=TFIPC-L' to print out detailed information of unconnected 
  ports.


Warning-[TFIPC] Too few instance port connections
FIFO_SYN.v, 343
FIFO, "TLATX1 sram_row_1__cell_q_reg_7_( .G (N23),  .D (n260),  .Q (sram_row_1__cell_q[7]));"
  The above instance has fewer port connections than the module definition.
  Please use '+lint=TFIPC-L' to print out detailed information of unconnected 
  ports.


Warning-[TFIPC] Too few instance port connections
FIFO_SYN.v, 345
FIFO, "TLATX1 sram_row_1__cell_q_reg_6_( .G (N23),  .D (n257),  .Q (sram_row_1__cell_q[6]));"
  The above instance has fewer port connections than the module definition.
  Please use '+lint=TFIPC-L' to print out detailed information of unconnected 
  ports.


Warning-[TFIPC] Too few instance port connections
FIFO_SYN.v, 347
FIFO, "TLATX1 sram_row_1__cell_q_reg_5_( .G (N23),  .D (n254),  .Q (sram_row_1__cell_q[5]));"
  The above instance has fewer port connections than the module definition.
  Please use '+lint=TFIPC-L' to print out detailed information of unconnected 
  ports.


Warning-[TFIPC] Too few instance port connections
FIFO_SYN.v, 349
FIFO, "TLATX1 sram_row_1__cell_q_reg_4_( .G (N23),  .D (n251),  .Q (sram_row_1__cell_q[4]));"
  The above instance has fewer port connections than the module definition.
  Please use '+lint=TFIPC-L' to print out detailed information of unconnected 
  ports.


Warning-[TFIPC] Too few instance port connections
FIFO_SYN.v, 351
FIFO, "TLATX1 sram_row_1__cell_q_reg_3_( .G (N23),  .D (n248),  .Q (sram_row_1__cell_q[3]));"
  The above instance has fewer port connections than the module definition.
  Please use '+lint=TFIPC-L' to print out detailed information of unconnected 
  ports.


Warning-[TFIPC] Too few instance port connections
FIFO_SYN.v, 353
FIFO, "TLATX1 sram_row_1__cell_q_reg_2_( .G (N23),  .D (n245),  .Q (sram_row_1__cell_q[2]));"
  The above instance has fewer port connections than the module definition.
  Please use '+lint=TFIPC-L' to print out detailed information of unconnected 
  ports.


Warning-[TFIPC] Too few instance port connections
FIFO_SYN.v, 355
FIFO, "TLATX1 sram_row_1__cell_q_reg_1_( .G (N23),  .D (n242),  .Q (sram_row_1__cell_q[1]));"
  The above instance has fewer port connections than the module definition.
  Please use '+lint=TFIPC-L' to print out detailed information of unconnected 
  ports.


Warning-[TFIPC] Too few instance port connections
FIFO_SYN.v, 357
FIFO, "TLATX1 sram_row_1__cell_q_reg_0_( .G (N23),  .D (n239),  .Q (sram_row_1__cell_q[0]));"
  The above instance has fewer port connections than the module definition.
  Please use '+lint=TFIPC-L' to print out detailed information of unconnected 
  ports.


Warning-[TFIPC] Too few instance port connections
FIFO_SYN.v, 359
FIFO, "TLATX1 sram_row_5__cell_q_reg_7_( .G (N27),  .D (n260),  .Q (sram_row_5__cell_q[7]));"
  The above instance has fewer port connections than the module definition.
  Please use '+lint=TFIPC-L' to print out detailed information of unconnected 
  ports.


Warning-[TFIPC] Too few instance port connections
FIFO_SYN.v, 361
FIFO, "TLATX1 sram_row_5__cell_q_reg_6_( .G (N27),  .D (n257),  .Q (sram_row_5__cell_q[6]));"
  The above instance has fewer port connections than the module definition.
  Please use '+lint=TFIPC-L' to print out detailed information of unconnected 
  ports.


Warning-[TFIPC] Too few instance port connections
FIFO_SYN.v, 363
FIFO, "TLATX1 sram_row_5__cell_q_reg_5_( .G (N27),  .D (n254),  .Q (sram_row_5__cell_q[5]));"
  The above instance has fewer port connections than the module definition.
  Please use '+lint=TFIPC-L' to print out detailed information of unconnected 
  ports.


Warning-[TFIPC] Too few instance port connections
FIFO_SYN.v, 365
FIFO, "TLATX1 sram_row_5__cell_q_reg_4_( .G (N27),  .D (n251),  .Q (sram_row_5__cell_q[4]));"
  The above instance has fewer port connections than the module definition.
  Please use '+lint=TFIPC-L' to print out detailed information of unconnected 
  ports.


Warning-[TFIPC] Too few instance port connections
FIFO_SYN.v, 367
FIFO, "TLATX1 sram_row_5__cell_q_reg_3_( .G (N27),  .D (n248),  .Q (sram_row_5__cell_q[3]));"
  The above instance has fewer port connections than the module definition.
  Please use '+lint=TFIPC-L' to print out detailed information of unconnected 
  ports.


Warning-[TFIPC] Too few instance port connections
FIFO_SYN.v, 369
FIFO, "TLATX1 sram_row_5__cell_q_reg_2_( .G (N27),  .D (n245),  .Q (sram_row_5__cell_q[2]));"
  The above instance has fewer port connections than the module definition.
  Please use '+lint=TFIPC-L' to print out detailed information of unconnected 
  ports.


Warning-[TFIPC] Too few instance port connections
FIFO_SYN.v, 371
FIFO, "TLATX1 sram_row_5__cell_q_reg_1_( .G (N27),  .D (n242),  .Q (sram_row_5__cell_q[1]));"
  The above instance has fewer port connections than the module definition.
  Please use '+lint=TFIPC-L' to print out detailed information of unconnected 
  ports.


Warning-[TFIPC] Too few instance port connections
FIFO_SYN.v, 373
FIFO, "TLATX1 sram_row_5__cell_q_reg_0_( .G (N27),  .D (n239),  .Q (sram_row_5__cell_q[0]));"
  The above instance has fewer port connections than the module definition.
  Please use '+lint=TFIPC-L' to print out detailed information of unconnected 
  ports.


Warning-[TFIPC] Too few instance port connections
FIFO_SYN.v, 375
FIFO, "TLATX1 sram_row_13__cell_q_reg_7_( .G (N35),  .D (n259),  .Q (sram_row_13__cell_q[7]));"
  The above instance has fewer port connections than the module definition.
  Please use '+lint=TFIPC-L' to print out detailed information of unconnected 
  ports.


Warning-[TFIPC] Too few instance port connections
FIFO_SYN.v, 377
FIFO, "TLATX1 sram_row_13__cell_q_reg_6_( .G (N35),  .D (n256),  .Q (sram_row_13__cell_q[6]));"
  The above instance has fewer port connections than the module definition.
  Please use '+lint=TFIPC-L' to print out detailed information of unconnected 
  ports.


Warning-[TFIPC] Too few instance port connections
FIFO_SYN.v, 379
FIFO, "TLATX1 sram_row_13__cell_q_reg_5_( .G (N35),  .D (n253),  .Q (sram_row_13__cell_q[5]));"
  The above instance has fewer port connections than the module definition.
  Please use '+lint=TFIPC-L' to print out detailed information of unconnected 
  ports.


Warning-[TFIPC] Too few instance port connections
FIFO_SYN.v, 381
FIFO, "TLATX1 sram_row_13__cell_q_reg_4_( .G (N35),  .D (n250),  .Q (sram_row_13__cell_q[4]));"
  The above instance has fewer port connections than the module definition.
  Please use '+lint=TFIPC-L' to print out detailed information of unconnected 
  ports.


Warning-[TFIPC] Too few instance port connections
FIFO_SYN.v, 383
FIFO, "TLATX1 sram_row_13__cell_q_reg_3_( .G (N35),  .D (n247),  .Q (sram_row_13__cell_q[3]));"
  The above instance has fewer port connections than the module definition.
  Please use '+lint=TFIPC-L' to print out detailed information of unconnected 
  ports.


Warning-[TFIPC] Too few instance port connections
FIFO_SYN.v, 385
FIFO, "TLATX1 sram_row_13__cell_q_reg_2_( .G (N35),  .D (n244),  .Q (sram_row_13__cell_q[2]));"
  The above instance has fewer port connections than the module definition.
  Please use '+lint=TFIPC-L' to print out detailed information of unconnected 
  ports.


Warning-[TFIPC] Too few instance port connections
FIFO_SYN.v, 387
FIFO, "TLATX1 sram_row_13__cell_q_reg_1_( .G (N35),  .D (n241),  .Q (sram_row_13__cell_q[1]));"
  The above instance has fewer port connections than the module definition.
  Please use '+lint=TFIPC-L' to print out detailed information of unconnected 
  ports.


Warning-[TFIPC] Too few instance port connections
FIFO_SYN.v, 389
FIFO, "TLATX1 sram_row_13__cell_q_reg_0_( .G (N35),  .D (n238),  .Q (sram_row_13__cell_q[0]));"
  The above instance has fewer port connections than the module definition.
  Please use '+lint=TFIPC-L' to print out detailed information of unconnected 
  ports.


Warning-[TFIPC] Too few instance port connections
FIFO_SYN.v, 391
FIFO, "TLATX1 sram_row_9__cell_q_reg_7_( .G (N31),  .D (n259),  .Q (sram_row_9__cell_q[7]));"
  The above instance has fewer port connections than the module definition.
  Please use '+lint=TFIPC-L' to print out detailed information of unconnected 
  ports.


Warning-[TFIPC] Too few instance port connections
FIFO_SYN.v, 393
FIFO, "TLATX1 sram_row_9__cell_q_reg_6_( .G (N31),  .D (n256),  .Q (sram_row_9__cell_q[6]));"
  The above instance has fewer port connections than the module definition.
  Please use '+lint=TFIPC-L' to print out detailed information of unconnected 
  ports.


Warning-[TFIPC] Too few instance port connections
FIFO_SYN.v, 395
FIFO, "TLATX1 sram_row_9__cell_q_reg_5_( .G (N31),  .D (n253),  .Q (sram_row_9__cell_q[5]));"
  The above instance has fewer port connections than the module definition.
  Please use '+lint=TFIPC-L' to print out detailed information of unconnected 
  ports.


Warning-[TFIPC] Too few instance port connections
FIFO_SYN.v, 397
FIFO, "TLATX1 sram_row_9__cell_q_reg_4_( .G (N31),  .D (n250),  .Q (sram_row_9__cell_q[4]));"
  The above instance has fewer port connections than the module definition.
  Please use '+lint=TFIPC-L' to print out detailed information of unconnected 
  ports.


Warning-[TFIPC] Too few instance port connections
FIFO_SYN.v, 399
FIFO, "TLATX1 sram_row_9__cell_q_reg_3_( .G (N31),  .D (n247),  .Q (sram_row_9__cell_q[3]));"
  The above instance has fewer port connections than the module definition.
  Please use '+lint=TFIPC-L' to print out detailed information of unconnected 
  ports.


Warning-[TFIPC] Too few instance port connections
FIFO_SYN.v, 401
FIFO, "TLATX1 sram_row_9__cell_q_reg_2_( .G (N31),  .D (n244),  .Q (sram_row_9__cell_q[2]));"
  The above instance has fewer port connections than the module definition.
  Please use '+lint=TFIPC-L' to print out detailed information of unconnected 
  ports.


Warning-[TFIPC] Too few instance port connections
FIFO_SYN.v, 403
FIFO, "TLATX1 sram_row_9__cell_q_reg_1_( .G (N31),  .D (n241),  .Q (sram_row_9__cell_q[1]));"
  The above instance has fewer port connections than the module definition.
  Please use '+lint=TFIPC-L' to print out detailed information of unconnected 
  ports.


Warning-[TFIPC] Too few instance port connections
FIFO_SYN.v, 405
FIFO, "TLATX1 sram_row_9__cell_q_reg_0_( .G (N31),  .D (n238),  .Q (sram_row_9__cell_q[0]));"
  The above instance has fewer port connections than the module definition.
  Please use '+lint=TFIPC-L' to print out detailed information of unconnected 
  ports.


Warning-[TFIPC] Too few instance port connections
FIFO_SYN.v, 407
FIFO, "TLATX1 sram_row_0__cell_q_reg_7_( .G (N22),  .D (n260),  .Q (sram_row_0__cell_q[7]));"
  The above instance has fewer port connections than the module definition.
  Please use '+lint=TFIPC-L' to print out detailed information of unconnected 
  ports.


Warning-[TFIPC] Too few instance port connections
FIFO_SYN.v, 409
FIFO, "TLATX1 sram_row_0__cell_q_reg_6_( .G (N22),  .D (n257),  .Q (sram_row_0__cell_q[6]));"
  The above instance has fewer port connections than the module definition.
  Please use '+lint=TFIPC-L' to print out detailed information of unconnected 
  ports.


Warning-[TFIPC] Too few instance port connections
FIFO_SYN.v, 411
FIFO, "TLATX1 sram_row_0__cell_q_reg_5_( .G (N22),  .D (n254),  .Q (sram_row_0__cell_q[5]));"
  The above instance has fewer port connections than the module definition.
  Please use '+lint=TFIPC-L' to print out detailed information of unconnected 
  ports.


Warning-[TFIPC] Too few instance port connections
FIFO_SYN.v, 413
FIFO, "TLATX1 sram_row_0__cell_q_reg_4_( .G (N22),  .D (n251),  .Q (sram_row_0__cell_q[4]));"
  The above instance has fewer port connections than the module definition.
  Please use '+lint=TFIPC-L' to print out detailed information of unconnected 
  ports.


Warning-[TFIPC] Too few instance port connections
FIFO_SYN.v, 415
FIFO, "TLATX1 sram_row_0__cell_q_reg_3_( .G (N22),  .D (n248),  .Q (sram_row_0__cell_q[3]));"
  The above instance has fewer port connections than the module definition.
  Please use '+lint=TFIPC-L' to print out detailed information of unconnected 
  ports.


Warning-[TFIPC] Too few instance port connections
FIFO_SYN.v, 417
FIFO, "TLATX1 sram_row_0__cell_q_reg_2_( .G (N22),  .D (n245),  .Q (sram_row_0__cell_q[2]));"
  The above instance has fewer port connections than the module definition.
  Please use '+lint=TFIPC-L' to print out detailed information of unconnected 
  ports.


Warning-[TFIPC] Too few instance port connections
FIFO_SYN.v, 419
FIFO, "TLATX1 sram_row_0__cell_q_reg_1_( .G (N22),  .D (n242),  .Q (sram_row_0__cell_q[1]));"
  The above instance has fewer port connections than the module definition.
  Please use '+lint=TFIPC-L' to print out detailed information of unconnected 
  ports.


Warning-[TFIPC] Too few instance port connections
FIFO_SYN.v, 421
FIFO, "TLATX1 sram_row_0__cell_q_reg_0_( .G (N22),  .D (n239),  .Q (sram_row_0__cell_q[0]));"
  The above instance has fewer port connections than the module definition.
  Please use '+lint=TFIPC-L' to print out detailed information of unconnected 
  ports.


Warning-[TFIPC] Too few instance port connections
FIFO_SYN.v, 423
FIFO, "TLATX1 sram_row_4__cell_q_reg_7_( .G (N26),  .D (n260),  .Q (sram_row_4__cell_q[7]));"
  The above instance has fewer port connections than the module definition.
  Please use '+lint=TFIPC-L' to print out detailed information of unconnected 
  ports.


Warning-[TFIPC] Too few instance port connections
FIFO_SYN.v, 425
FIFO, "TLATX1 sram_row_4__cell_q_reg_6_( .G (N26),  .D (n257),  .Q (sram_row_4__cell_q[6]));"
  The above instance has fewer port connections than the module definition.
  Please use '+lint=TFIPC-L' to print out detailed information of unconnected 
  ports.


Warning-[TFIPC] Too few instance port connections
FIFO_SYN.v, 427
FIFO, "TLATX1 sram_row_4__cell_q_reg_5_( .G (N26),  .D (n254),  .Q (sram_row_4__cell_q[5]));"
  The above instance has fewer port connections than the module definition.
  Please use '+lint=TFIPC-L' to print out detailed information of unconnected 
  ports.


Warning-[TFIPC] Too few instance port connections
FIFO_SYN.v, 429
FIFO, "TLATX1 sram_row_4__cell_q_reg_4_( .G (N26),  .D (n251),  .Q (sram_row_4__cell_q[4]));"
  The above instance has fewer port connections than the module definition.
  Please use '+lint=TFIPC-L' to print out detailed information of unconnected 
  ports.


Warning-[TFIPC] Too few instance port connections
FIFO_SYN.v, 431
FIFO, "TLATX1 sram_row_4__cell_q_reg_3_( .G (N26),  .D (n248),  .Q (sram_row_4__cell_q[3]));"
  The above instance has fewer port connections than the module definition.
  Please use '+lint=TFIPC-L' to print out detailed information of unconnected 
  ports.


Warning-[TFIPC] Too few instance port connections
FIFO_SYN.v, 433
FIFO, "TLATX1 sram_row_4__cell_q_reg_2_( .G (N26),  .D (n245),  .Q (sram_row_4__cell_q[2]));"
  The above instance has fewer port connections than the module definition.
  Please use '+lint=TFIPC-L' to print out detailed information of unconnected 
  ports.


Warning-[TFIPC] Too few instance port connections
FIFO_SYN.v, 435
FIFO, "TLATX1 sram_row_4__cell_q_reg_1_( .G (N26),  .D (n242),  .Q (sram_row_4__cell_q[1]));"
  The above instance has fewer port connections than the module definition.
  Please use '+lint=TFIPC-L' to print out detailed information of unconnected 
  ports.


Warning-[TFIPC] Too few instance port connections
FIFO_SYN.v, 437
FIFO, "TLATX1 sram_row_4__cell_q_reg_0_( .G (N26),  .D (n239),  .Q (sram_row_4__cell_q[0]));"
  The above instance has fewer port connections than the module definition.
  Please use '+lint=TFIPC-L' to print out detailed information of unconnected 
  ports.


Warning-[TFIPC] Too few instance port connections
FIFO_SYN.v, 439
FIFO, "TLATX1 sram_row_29__cell_q_reg_6_( .G (N51),  .D (n255),  .Q (sram_row_29__cell_q[6]));"
  The above instance has fewer port connections than the module definition.
  Please use '+lint=TFIPC-L' to print out detailed information of unconnected 
  ports.


Warning-[TFIPC] Too few instance port connections
FIFO_SYN.v, 441
FIFO, "TLATX1 sram_row_29__cell_q_reg_5_( .G (N51),  .D (n252),  .Q (sram_row_29__cell_q[5]));"
  The above instance has fewer port connections than the module definition.
  Please use '+lint=TFIPC-L' to print out detailed information of unconnected 
  ports.


Warning-[TFIPC] Too few instance port connections
FIFO_SYN.v, 443
FIFO, "TLATX1 sram_row_29__cell_q_reg_4_( .G (N51),  .D (n249),  .Q (sram_row_29__cell_q[4]));"
  The above instance has fewer port connections than the module definition.
  Please use '+lint=TFIPC-L' to print out detailed information of unconnected 
  ports.


Warning-[TFIPC] Too few instance port connections
FIFO_SYN.v, 445
FIFO, "TLATX1 sram_row_29__cell_q_reg_3_( .G (N51),  .D (n246),  .Q (sram_row_29__cell_q[3]));"
  The above instance has fewer port connections than the module definition.
  Please use '+lint=TFIPC-L' to print out detailed information of unconnected 
  ports.


Warning-[TFIPC] Too few instance port connections
FIFO_SYN.v, 447
FIFO, "TLATX1 sram_row_29__cell_q_reg_2_( .G (N51),  .D (n243),  .Q (sram_row_29__cell_q[2]));"
  The above instance has fewer port connections than the module definition.
  Please use '+lint=TFIPC-L' to print out detailed information of unconnected 
  ports.


Warning-[TFIPC] Too few instance port connections
FIFO_SYN.v, 449
FIFO, "TLATX1 sram_row_29__cell_q_reg_1_( .G (N51),  .D (n2401),  .Q (sram_row_29__cell_q[1]));"
  The above instance has fewer port connections than the module definition.
  Please use '+lint=TFIPC-L' to print out detailed information of unconnected 
  ports.


Warning-[TFIPC] Too few instance port connections
FIFO_SYN.v, 451
FIFO, "TLATX1 sram_row_29__cell_q_reg_0_( .G (N51),  .D (n237),  .Q (sram_row_29__cell_q[0]));"
  The above instance has fewer port connections than the module definition.
  Please use '+lint=TFIPC-L' to print out detailed information of unconnected 
  ports.


Warning-[TFIPC] Too few instance port connections
FIFO_SYN.v, 453
FIFO, "TLATX1 sram_row_12__cell_q_reg_7_( .G (N34),  .D (n259),  .Q (sram_row_12__cell_q[7]));"
  The above instance has fewer port connections than the module definition.
  Please use '+lint=TFIPC-L' to print out detailed information of unconnected 
  ports.


Warning-[TFIPC] Too few instance port connections
FIFO_SYN.v, 455
FIFO, "TLATX1 sram_row_12__cell_q_reg_6_( .G (N34),  .D (n256),  .Q (sram_row_12__cell_q[6]));"
  The above instance has fewer port connections than the module definition.
  Please use '+lint=TFIPC-L' to print out detailed information of unconnected 
  ports.


Warning-[TFIPC] Too few instance port connections
FIFO_SYN.v, 457
FIFO, "TLATX1 sram_row_12__cell_q_reg_5_( .G (N34),  .D (n253),  .Q (sram_row_12__cell_q[5]));"
  The above instance has fewer port connections than the module definition.
  Please use '+lint=TFIPC-L' to print out detailed information of unconnected 
  ports.


Warning-[TFIPC] Too few instance port connections
FIFO_SYN.v, 459
FIFO, "TLATX1 sram_row_12__cell_q_reg_4_( .G (N34),  .D (n250),  .Q (sram_row_12__cell_q[4]));"
  The above instance has fewer port connections than the module definition.
  Please use '+lint=TFIPC-L' to print out detailed information of unconnected 
  ports.


Warning-[TFIPC] Too few instance port connections
FIFO_SYN.v, 461
FIFO, "TLATX1 sram_row_12__cell_q_reg_3_( .G (N34),  .D (n247),  .Q (sram_row_12__cell_q[3]));"
  The above instance has fewer port connections than the module definition.
  Please use '+lint=TFIPC-L' to print out detailed information of unconnected 
  ports.


Warning-[TFIPC] Too few instance port connections
FIFO_SYN.v, 463
FIFO, "TLATX1 sram_row_12__cell_q_reg_2_( .G (N34),  .D (n244),  .Q (sram_row_12__cell_q[2]));"
  The above instance has fewer port connections than the module definition.
  Please use '+lint=TFIPC-L' to print out detailed information of unconnected 
  ports.


Warning-[TFIPC] Too few instance port connections
FIFO_SYN.v, 465
FIFO, "TLATX1 sram_row_12__cell_q_reg_1_( .G (N34),  .D (n241),  .Q (sram_row_12__cell_q[1]));"
  The above instance has fewer port connections than the module definition.
  Please use '+lint=TFIPC-L' to print out detailed information of unconnected 
  ports.


Warning-[TFIPC] Too few instance port connections
FIFO_SYN.v, 467
FIFO, "TLATX1 sram_row_12__cell_q_reg_0_( .G (N34),  .D (n238),  .Q (sram_row_12__cell_q[0]));"
  The above instance has fewer port connections than the module definition.
  Please use '+lint=TFIPC-L' to print out detailed information of unconnected 
  ports.


Warning-[TFIPC] Too few instance port connections
FIFO_SYN.v, 469
FIFO, "TLATX1 sram_row_25__cell_q_reg_6_( .G (N47),  .D (n255),  .Q (sram_row_25__cell_q[6]));"
  The above instance has fewer port connections than the module definition.
  Please use '+lint=TFIPC-L' to print out detailed information of unconnected 
  ports.


Warning-[TFIPC] Too few instance port connections
FIFO_SYN.v, 471
FIFO, "TLATX1 sram_row_25__cell_q_reg_5_( .G (N47),  .D (n252),  .Q (sram_row_25__cell_q[5]));"
  The above instance has fewer port connections than the module definition.
  Please use '+lint=TFIPC-L' to print out detailed information of unconnected 
  ports.


Warning-[TFIPC] Too few instance port connections
FIFO_SYN.v, 473
FIFO, "TLATX1 sram_row_25__cell_q_reg_4_( .G (N47),  .D (n249),  .Q (sram_row_25__cell_q[4]));"
  The above instance has fewer port connections than the module definition.
  Please use '+lint=TFIPC-L' to print out detailed information of unconnected 
  ports.


Warning-[TFIPC] Too few instance port connections
FIFO_SYN.v, 475
FIFO, "TLATX1 sram_row_25__cell_q_reg_3_( .G (N47),  .D (n246),  .Q (sram_row_25__cell_q[3]));"
  The above instance has fewer port connections than the module definition.
  Please use '+lint=TFIPC-L' to print out detailed information of unconnected 
  ports.


Warning-[TFIPC] Too few instance port connections
FIFO_SYN.v, 477
FIFO, "TLATX1 sram_row_25__cell_q_reg_2_( .G (N47),  .D (n243),  .Q (sram_row_25__cell_q[2]));"
  The above instance has fewer port connections than the module definition.
  Please use '+lint=TFIPC-L' to print out detailed information of unconnected 
  ports.


Warning-[TFIPC] Too few instance port connections
FIFO_SYN.v, 479
FIFO, "TLATX1 sram_row_25__cell_q_reg_1_( .G (N47),  .D (n2401),  .Q (sram_row_25__cell_q[1]));"
  The above instance has fewer port connections than the module definition.
  Please use '+lint=TFIPC-L' to print out detailed information of unconnected 
  ports.


Warning-[TFIPC] Too few instance port connections
FIFO_SYN.v, 481
FIFO, "TLATX1 sram_row_25__cell_q_reg_0_( .G (N47),  .D (n237),  .Q (sram_row_25__cell_q[0]));"
  The above instance has fewer port connections than the module definition.
  Please use '+lint=TFIPC-L' to print out detailed information of unconnected 
  ports.


Warning-[TFIPC] Too few instance port connections
FIFO_SYN.v, 483
FIFO, "TLATX1 sram_row_8__cell_q_reg_7_( .G (N30),  .D (n259),  .Q (sram_row_8__cell_q[7]));"
  The above instance has fewer port connections than the module definition.
  Please use '+lint=TFIPC-L' to print out detailed information of unconnected 
  ports.


Warning-[TFIPC] Too few instance port connections
FIFO_SYN.v, 485
FIFO, "TLATX1 sram_row_8__cell_q_reg_6_( .G (N30),  .D (n256),  .Q (sram_row_8__cell_q[6]));"
  The above instance has fewer port connections than the module definition.
  Please use '+lint=TFIPC-L' to print out detailed information of unconnected 
  ports.


Warning-[TFIPC] Too few instance port connections
FIFO_SYN.v, 487
FIFO, "TLATX1 sram_row_8__cell_q_reg_5_( .G (N30),  .D (n253),  .Q (sram_row_8__cell_q[5]));"
  The above instance has fewer port connections than the module definition.
  Please use '+lint=TFIPC-L' to print out detailed information of unconnected 
  ports.


Warning-[TFIPC] Too few instance port connections
FIFO_SYN.v, 489
FIFO, "TLATX1 sram_row_8__cell_q_reg_4_( .G (N30),  .D (n250),  .Q (sram_row_8__cell_q[4]));"
  The above instance has fewer port connections than the module definition.
  Please use '+lint=TFIPC-L' to print out detailed information of unconnected 
  ports.


Warning-[TFIPC] Too few instance port connections
FIFO_SYN.v, 491
FIFO, "TLATX1 sram_row_8__cell_q_reg_3_( .G (N30),  .D (n247),  .Q (sram_row_8__cell_q[3]));"
  The above instance has fewer port connections than the module definition.
  Please use '+lint=TFIPC-L' to print out detailed information of unconnected 
  ports.


Warning-[TFIPC] Too few instance port connections
FIFO_SYN.v, 493
FIFO, "TLATX1 sram_row_8__cell_q_reg_2_( .G (N30),  .D (n244),  .Q (sram_row_8__cell_q[2]));"
  The above instance has fewer port connections than the module definition.
  Please use '+lint=TFIPC-L' to print out detailed information of unconnected 
  ports.


Warning-[TFIPC] Too few instance port connections
FIFO_SYN.v, 495
FIFO, "TLATX1 sram_row_8__cell_q_reg_1_( .G (N30),  .D (n241),  .Q (sram_row_8__cell_q[1]));"
  The above instance has fewer port connections than the module definition.
  Please use '+lint=TFIPC-L' to print out detailed information of unconnected 
  ports.


Warning-[TFIPC] Too few instance port connections
FIFO_SYN.v, 497
FIFO, "TLATX1 sram_row_8__cell_q_reg_0_( .G (N30),  .D (n238),  .Q (sram_row_8__cell_q[0]));"
  The above instance has fewer port connections than the module definition.
  Please use '+lint=TFIPC-L' to print out detailed information of unconnected 
  ports.


Warning-[TFIPC] Too few instance port connections
FIFO_SYN.v, 499
FIFO, "TLATX1 sram_row_17__cell_q_reg_6_( .G (N39),  .D (n256),  .Q (sram_row_17__cell_q[6]));"
  The above instance has fewer port connections than the module definition.
  Please use '+lint=TFIPC-L' to print out detailed information of unconnected 
  ports.


Warning-[TFIPC] Too few instance port connections
FIFO_SYN.v, 501
FIFO, "TLATX1 sram_row_17__cell_q_reg_5_( .G (N39),  .D (n253),  .Q (sram_row_17__cell_q[5]));"
  The above instance has fewer port connections than the module definition.
  Please use '+lint=TFIPC-L' to print out detailed information of unconnected 
  ports.


Warning-[TFIPC] Too few instance port connections
FIFO_SYN.v, 503
FIFO, "TLATX1 sram_row_17__cell_q_reg_4_( .G (N39),  .D (n250),  .Q (sram_row_17__cell_q[4]));"
  The above instance has fewer port connections than the module definition.
  Please use '+lint=TFIPC-L' to print out detailed information of unconnected 
  ports.


Warning-[TFIPC] Too few instance port connections
FIFO_SYN.v, 505
FIFO, "TLATX1 sram_row_17__cell_q_reg_3_( .G (N39),  .D (n247),  .Q (sram_row_17__cell_q[3]));"
  The above instance has fewer port connections than the module definition.
  Please use '+lint=TFIPC-L' to print out detailed information of unconnected 
  ports.


Warning-[TFIPC] Too few instance port connections
FIFO_SYN.v, 507
FIFO, "TLATX1 sram_row_17__cell_q_reg_2_( .G (N39),  .D (n244),  .Q (sram_row_17__cell_q[2]));"
  The above instance has fewer port connections than the module definition.
  Please use '+lint=TFIPC-L' to print out detailed information of unconnected 
  ports.


Warning-[TFIPC] Too few instance port connections
FIFO_SYN.v, 509
FIFO, "TLATX1 sram_row_17__cell_q_reg_1_( .G (N39),  .D (n241),  .Q (sram_row_17__cell_q[1]));"
  The above instance has fewer port connections than the module definition.
  Please use '+lint=TFIPC-L' to print out detailed information of unconnected 
  ports.


Warning-[TFIPC] Too few instance port connections
FIFO_SYN.v, 511
FIFO, "TLATX1 sram_row_17__cell_q_reg_0_( .G (N39),  .D (n238),  .Q (sram_row_17__cell_q[0]));"
  The above instance has fewer port connections than the module definition.
  Please use '+lint=TFIPC-L' to print out detailed information of unconnected 
  ports.


Warning-[TFIPC] Too few instance port connections
FIFO_SYN.v, 513
FIFO, "TLATX1 sram_row_21__cell_q_reg_6_( .G (N43),  .D (n255),  .Q (sram_row_21__cell_q[6]));"
  The above instance has fewer port connections than the module definition.
  Please use '+lint=TFIPC-L' to print out detailed information of unconnected 
  ports.


Warning-[TFIPC] Too few instance port connections
FIFO_SYN.v, 515
FIFO, "TLATX1 sram_row_21__cell_q_reg_5_( .G (N43),  .D (n252),  .Q (sram_row_21__cell_q[5]));"
  The above instance has fewer port connections than the module definition.
  Please use '+lint=TFIPC-L' to print out detailed information of unconnected 
  ports.


Warning-[TFIPC] Too few instance port connections
FIFO_SYN.v, 517
FIFO, "TLATX1 sram_row_21__cell_q_reg_4_( .G (N43),  .D (n249),  .Q (sram_row_21__cell_q[4]));"
  The above instance has fewer port connections than the module definition.
  Please use '+lint=TFIPC-L' to print out detailed information of unconnected 
  ports.


Warning-[TFIPC] Too few instance port connections
FIFO_SYN.v, 519
FIFO, "TLATX1 sram_row_21__cell_q_reg_3_( .G (N43),  .D (n246),  .Q (sram_row_21__cell_q[3]));"
  The above instance has fewer port connections than the module definition.
  Please use '+lint=TFIPC-L' to print out detailed information of unconnected 
  ports.


Warning-[TFIPC] Too few instance port connections
FIFO_SYN.v, 521
FIFO, "TLATX1 sram_row_21__cell_q_reg_2_( .G (N43),  .D (n243),  .Q (sram_row_21__cell_q[2]));"
  The above instance has fewer port connections than the module definition.
  Please use '+lint=TFIPC-L' to print out detailed information of unconnected 
  ports.


Warning-[TFIPC] Too few instance port connections
FIFO_SYN.v, 523
FIFO, "TLATX1 sram_row_21__cell_q_reg_1_( .G (N43),  .D (n2401),  .Q (sram_row_21__cell_q[1]));"
  The above instance has fewer port connections than the module definition.
  Please use '+lint=TFIPC-L' to print out detailed information of unconnected 
  ports.


Warning-[TFIPC] Too few instance port connections
FIFO_SYN.v, 525
FIFO, "TLATX1 sram_row_21__cell_q_reg_0_( .G (N43),  .D (n237),  .Q (sram_row_21__cell_q[0]));"
  The above instance has fewer port connections than the module definition.
  Please use '+lint=TFIPC-L' to print out detailed information of unconnected 
  ports.


Warning-[TFIPC] Too few instance port connections
FIFO_SYN.v, 527
FIFO, "TLATX1 sram_row_29__cell_q_reg_7_( .G (N51),  .D (n258),  .Q (sram_row_29__cell_q[7]));"
  The above instance has fewer port connections than the module definition.
  Please use '+lint=TFIPC-L' to print out detailed information of unconnected 
  ports.


Warning-[TFIPC] Too few instance port connections
FIFO_SYN.v, 529
FIFO, "TLATX1 sram_row_25__cell_q_reg_7_( .G (N47),  .D (n258),  .Q (sram_row_25__cell_q[7]));"
  The above instance has fewer port connections than the module definition.
  Please use '+lint=TFIPC-L' to print out detailed information of unconnected 
  ports.


Warning-[TFIPC] Too few instance port connections
FIFO_SYN.v, 531
FIFO, "TLATX1 sram_row_17__cell_q_reg_7_( .G (N39),  .D (n259),  .Q (sram_row_17__cell_q[7]));"
  The above instance has fewer port connections than the module definition.
  Please use '+lint=TFIPC-L' to print out detailed information of unconnected 
  ports.


Warning-[TFIPC] Too few instance port connections
FIFO_SYN.v, 533
FIFO, "TLATX1 sram_row_21__cell_q_reg_7_( .G (N43),  .D (n258),  .Q (sram_row_21__cell_q[7]));"
  The above instance has fewer port connections than the module definition.
  Please use '+lint=TFIPC-L' to print out detailed information of unconnected 
  ports.


Warning-[TFIPC] Too few instance port connections
FIFO_SYN.v, 535
FIFO, "TLATX1 sram_row_28__cell_q_reg_6_( .G (N50),  .D (n255),  .Q (sram_row_28__cell_q[6]));"
  The above instance has fewer port connections than the module definition.
  Please use '+lint=TFIPC-L' to print out detailed information of unconnected 
  ports.


Warning-[TFIPC] Too few instance port connections
FIFO_SYN.v, 537
FIFO, "TLATX1 sram_row_28__cell_q_reg_5_( .G (N50),  .D (n252),  .Q (sram_row_28__cell_q[5]));"
  The above instance has fewer port connections than the module definition.
  Please use '+lint=TFIPC-L' to print out detailed information of unconnected 
  ports.


Warning-[TFIPC] Too few instance port connections
FIFO_SYN.v, 539
FIFO, "TLATX1 sram_row_28__cell_q_reg_4_( .G (N50),  .D (n249),  .Q (sram_row_28__cell_q[4]));"
  The above instance has fewer port connections than the module definition.
  Please use '+lint=TFIPC-L' to print out detailed information of unconnected 
  ports.


Warning-[TFIPC] Too few instance port connections
FIFO_SYN.v, 541
FIFO, "TLATX1 sram_row_28__cell_q_reg_3_( .G (N50),  .D (n246),  .Q (sram_row_28__cell_q[3]));"
  The above instance has fewer port connections than the module definition.
  Please use '+lint=TFIPC-L' to print out detailed information of unconnected 
  ports.


Warning-[TFIPC] Too few instance port connections
FIFO_SYN.v, 543
FIFO, "TLATX1 sram_row_28__cell_q_reg_2_( .G (N50),  .D (n243),  .Q (sram_row_28__cell_q[2]));"
  The above instance has fewer port connections than the module definition.
  Please use '+lint=TFIPC-L' to print out detailed information of unconnected 
  ports.


Warning-[TFIPC] Too few instance port connections
FIFO_SYN.v, 545
FIFO, "TLATX1 sram_row_28__cell_q_reg_1_( .G (N50),  .D (n2401),  .Q (sram_row_28__cell_q[1]));"
  The above instance has fewer port connections than the module definition.
  Please use '+lint=TFIPC-L' to print out detailed information of unconnected 
  ports.


Warning-[TFIPC] Too few instance port connections
FIFO_SYN.v, 547
FIFO, "TLATX1 sram_row_28__cell_q_reg_0_( .G (N50),  .D (n237),  .Q (sram_row_28__cell_q[0]));"
  The above instance has fewer port connections than the module definition.
  Please use '+lint=TFIPC-L' to print out detailed information of unconnected 
  ports.


Warning-[TFIPC] Too few instance port connections
FIFO_SYN.v, 549
FIFO, "TLATX1 sram_row_24__cell_q_reg_6_( .G (N46),  .D (n255),  .Q (sram_row_24__cell_q[6]));"
  The above instance has fewer port connections than the module definition.
  Please use '+lint=TFIPC-L' to print out detailed information of unconnected 
  ports.


Warning-[TFIPC] Too few instance port connections
FIFO_SYN.v, 551
FIFO, "TLATX1 sram_row_24__cell_q_reg_5_( .G (N46),  .D (n252),  .Q (sram_row_24__cell_q[5]));"
  The above instance has fewer port connections than the module definition.
  Please use '+lint=TFIPC-L' to print out detailed information of unconnected 
  ports.


Warning-[TFIPC] Too few instance port connections
FIFO_SYN.v, 553
FIFO, "TLATX1 sram_row_24__cell_q_reg_4_( .G (N46),  .D (n249),  .Q (sram_row_24__cell_q[4]));"
  The above instance has fewer port connections than the module definition.
  Please use '+lint=TFIPC-L' to print out detailed information of unconnected 
  ports.


Warning-[TFIPC] Too few instance port connections
FIFO_SYN.v, 555
FIFO, "TLATX1 sram_row_24__cell_q_reg_3_( .G (N46),  .D (n246),  .Q (sram_row_24__cell_q[3]));"
  The above instance has fewer port connections than the module definition.
  Please use '+lint=TFIPC-L' to print out detailed information of unconnected 
  ports.


Warning-[TFIPC] Too few instance port connections
FIFO_SYN.v, 557
FIFO, "TLATX1 sram_row_24__cell_q_reg_2_( .G (N46),  .D (n243),  .Q (sram_row_24__cell_q[2]));"
  The above instance has fewer port connections than the module definition.
  Please use '+lint=TFIPC-L' to print out detailed information of unconnected 
  ports.


Warning-[TFIPC] Too few instance port connections
FIFO_SYN.v, 559
FIFO, "TLATX1 sram_row_24__cell_q_reg_1_( .G (N46),  .D (n2401),  .Q (sram_row_24__cell_q[1]));"
  The above instance has fewer port connections than the module definition.
  Please use '+lint=TFIPC-L' to print out detailed information of unconnected 
  ports.


Warning-[TFIPC] Too few instance port connections
FIFO_SYN.v, 561
FIFO, "TLATX1 sram_row_24__cell_q_reg_0_( .G (N46),  .D (n237),  .Q (sram_row_24__cell_q[0]));"
  The above instance has fewer port connections than the module definition.
  Please use '+lint=TFIPC-L' to print out detailed information of unconnected 
  ports.


Warning-[TFIPC] Too few instance port connections
FIFO_SYN.v, 563
FIFO, "TLATX1 sram_row_16__cell_q_reg_6_( .G (N38),  .D (n256),  .Q (sram_row_16__cell_q[6]));"
  The above instance has fewer port connections than the module definition.
  Please use '+lint=TFIPC-L' to print out detailed information of unconnected 
  ports.


Warning-[TFIPC] Too few instance port connections
FIFO_SYN.v, 565
FIFO, "TLATX1 sram_row_16__cell_q_reg_5_( .G (N38),  .D (n253),  .Q (sram_row_16__cell_q[5]));"
  The above instance has fewer port connections than the module definition.
  Please use '+lint=TFIPC-L' to print out detailed information of unconnected 
  ports.


Warning-[TFIPC] Too few instance port connections
FIFO_SYN.v, 567
FIFO, "TLATX1 sram_row_16__cell_q_reg_4_( .G (N38),  .D (n250),  .Q (sram_row_16__cell_q[4]));"
  The above instance has fewer port connections than the module definition.
  Please use '+lint=TFIPC-L' to print out detailed information of unconnected 
  ports.


Warning-[TFIPC] Too few instance port connections
FIFO_SYN.v, 569
FIFO, "TLATX1 sram_row_16__cell_q_reg_3_( .G (N38),  .D (n247),  .Q (sram_row_16__cell_q[3]));"
  The above instance has fewer port connections than the module definition.
  Please use '+lint=TFIPC-L' to print out detailed information of unconnected 
  ports.


Warning-[TFIPC] Too few instance port connections
FIFO_SYN.v, 571
FIFO, "TLATX1 sram_row_16__cell_q_reg_2_( .G (N38),  .D (n244),  .Q (sram_row_16__cell_q[2]));"
  The above instance has fewer port connections than the module definition.
  Please use '+lint=TFIPC-L' to print out detailed information of unconnected 
  ports.


Warning-[TFIPC] Too few instance port connections
FIFO_SYN.v, 573
FIFO, "TLATX1 sram_row_16__cell_q_reg_1_( .G (N38),  .D (n241),  .Q (sram_row_16__cell_q[1]));"
  The above instance has fewer port connections than the module definition.
  Please use '+lint=TFIPC-L' to print out detailed information of unconnected 
  ports.


Warning-[TFIPC] Too few instance port connections
FIFO_SYN.v, 575
FIFO, "TLATX1 sram_row_16__cell_q_reg_0_( .G (N38),  .D (n238),  .Q (sram_row_16__cell_q[0]));"
  The above instance has fewer port connections than the module definition.
  Please use '+lint=TFIPC-L' to print out detailed information of unconnected 
  ports.


Warning-[TFIPC] Too few instance port connections
FIFO_SYN.v, 577
FIFO, "TLATX1 sram_row_20__cell_q_reg_6_( .G (N42),  .D (n255),  .Q (sram_row_20__cell_q[6]));"
  The above instance has fewer port connections than the module definition.
  Please use '+lint=TFIPC-L' to print out detailed information of unconnected 
  ports.


Warning-[TFIPC] Too few instance port connections
FIFO_SYN.v, 579
FIFO, "TLATX1 sram_row_20__cell_q_reg_5_( .G (N42),  .D (n252),  .Q (sram_row_20__cell_q[5]));"
  The above instance has fewer port connections than the module definition.
  Please use '+lint=TFIPC-L' to print out detailed information of unconnected 
  ports.


Warning-[TFIPC] Too few instance port connections
FIFO_SYN.v, 581
FIFO, "TLATX1 sram_row_20__cell_q_reg_4_( .G (N42),  .D (n249),  .Q (sram_row_20__cell_q[4]));"
  The above instance has fewer port connections than the module definition.
  Please use '+lint=TFIPC-L' to print out detailed information of unconnected 
  ports.


Warning-[TFIPC] Too few instance port connections
FIFO_SYN.v, 583
FIFO, "TLATX1 sram_row_20__cell_q_reg_3_( .G (N42),  .D (n246),  .Q (sram_row_20__cell_q[3]));"
  The above instance has fewer port connections than the module definition.
  Please use '+lint=TFIPC-L' to print out detailed information of unconnected 
  ports.


Warning-[TFIPC] Too few instance port connections
FIFO_SYN.v, 585
FIFO, "TLATX1 sram_row_20__cell_q_reg_2_( .G (N42),  .D (n243),  .Q (sram_row_20__cell_q[2]));"
  The above instance has fewer port connections than the module definition.
  Please use '+lint=TFIPC-L' to print out detailed information of unconnected 
  ports.


Warning-[TFIPC] Too few instance port connections
FIFO_SYN.v, 587
FIFO, "TLATX1 sram_row_20__cell_q_reg_1_( .G (N42),  .D (n2401),  .Q (sram_row_20__cell_q[1]));"
  The above instance has fewer port connections than the module definition.
  Please use '+lint=TFIPC-L' to print out detailed information of unconnected 
  ports.


Warning-[TFIPC] Too few instance port connections
FIFO_SYN.v, 589
FIFO, "TLATX1 sram_row_20__cell_q_reg_0_( .G (N42),  .D (n237),  .Q (sram_row_20__cell_q[0]));"
  The above instance has fewer port connections than the module definition.
  Please use '+lint=TFIPC-L' to print out detailed information of unconnected 
  ports.


Warning-[TFIPC] Too few instance port connections
FIFO_SYN.v, 591
FIFO, "TLATX1 sram_row_28__cell_q_reg_7_( .G (N50),  .D (n258),  .Q (sram_row_28__cell_q[7]));"
  The above instance has fewer port connections than the module definition.
  Please use '+lint=TFIPC-L' to print out detailed information of unconnected 
  ports.


Warning-[TFIPC] Too few instance port connections
FIFO_SYN.v, 593
FIFO, "TLATX1 sram_row_24__cell_q_reg_7_( .G (N46),  .D (n258),  .Q (sram_row_24__cell_q[7]));"
  The above instance has fewer port connections than the module definition.
  Please use '+lint=TFIPC-L' to print out detailed information of unconnected 
  ports.


Warning-[TFIPC] Too few instance port connections
FIFO_SYN.v, 595
FIFO, "TLATX1 sram_row_16__cell_q_reg_7_( .G (N38),  .D (n259),  .Q (sram_row_16__cell_q[7]));"
  The above instance has fewer port connections than the module definition.
  Please use '+lint=TFIPC-L' to print out detailed information of unconnected 
  ports.


Warning-[TFIPC] Too few instance port connections
FIFO_SYN.v, 597
FIFO, "TLATX1 sram_row_20__cell_q_reg_7_( .G (N42),  .D (n258),  .Q (sram_row_20__cell_q[7]));"
  The above instance has fewer port connections than the module definition.
  Please use '+lint=TFIPC-L' to print out detailed information of unconnected 
  ports.


Warning-[TFIPC] Too few instance port connections
FIFO_SYN.v, 603
FIFO, "DFFNSRXL safe_w_addr_reg_4_( .D (w_ptr[4]),  .CKN (clk),  .SN (1'b1),  .RN (1'b1),  .Q (safe_w_addr[4]));"
  The above instance has fewer port connections than the module definition.
  Please use '+lint=TFIPC-L' to print out detailed information of unconnected 
  ports.


Warning-[PCWM-W] Port connection width mismatch
TESTBED.v, 62
"FIFO u_FIFO( .clk (clk),  .rst_n (rst_n),  .w_en (w_en),  .w_data (w_data),  .r_en (r_en),  .r_data (r_data),  .full (full),  .empty (empty));"
  The following 16-bit expression is connected to 8-bit port "w_data" of 
  module "FIFO", instance "u_FIFO".
  Expression: w_data
  Instantiated module defined at: "FIFO_SYN.v", 8
  Use +lint=PCWM for more details.


Warning-[PCWM-W] Port connection width mismatch
TESTBED.v, 62
"FIFO u_FIFO( .clk (clk),  .rst_n (rst_n),  .w_en (w_en),  .w_data (w_data),  .r_en (r_en),  .r_data (r_data),  .full (full),  .empty (empty));"
  The following 16-bit expression is connected to 8-bit port "r_data" of 
  module "FIFO", instance "u_FIFO".
  Expression: r_data
  Instantiated module defined at: "FIFO_SYN.v", 8
  Use +lint=PCWM for more details.


Warning-[PCWM-W] Port connection width mismatch
TESTBED.v, 76
"PATTERN #(DATA_WIDTH, FIFO_DEPTH) u_PATTERN( .clk (clk),  .rst_n (rst_n),  .w_en (w_en),  .w_data (w_data),  .r_en (r_en),  .r_data (r_data),  .full (full),  .empty (empty));"
  The following 16-bit expression is connected to 8-bit port "w_data" of 
  module "PATTERN", instance "u_PATTERN".
  Expression: w_data
  Instantiated module defined at: "PATTERN.v", 8
  Use +lint=PCWM for more details.


Warning-[PCWM-W] Port connection width mismatch
TESTBED.v, 76
"PATTERN #(DATA_WIDTH, FIFO_DEPTH) u_PATTERN( .clk (clk),  .rst_n (rst_n),  .w_en (w_en),  .w_data (w_data),  .r_en (r_en),  .r_data (r_data),  .full (full),  .empty (empty));"
  The following 16-bit expression is connected to 8-bit port "r_data" of 
  module "PATTERN", instance "u_PATTERN".
  Expression: r_data
  Instantiated module defined at: "PATTERN.v", 8
  Use +lint=PCWM for more details.


   ***   $sdf_annotate() version 1.2R
   ***    SDF file: "FIFO_SYN.sdf"
   ***    Annotation scope: TESTBED.u_FIFO
   ***    No MTM selection argument specified
   ***    No SCALE FACTORS argument specified
   ***    No SCALE TYPE argument specified
   ***    MTM selection defaulted to "TOOL_CONTROL":
               (+typdelays compiled, TYPICAL delays selected)
   ***    SCALE FACTORS defaulted to "1.0:1.0:1.0":
   ***    SCALE TYPE defaulted to: "FROM_MTM"
   ***    Turnoff delay: "FROM_FILE"
   ***    Approximation (mipd) policy: "MAXIMUM"

   ***    SDF annotation begin: Tue May 19 03:48:06 2026


SDF Info: +pulse_r/100, +pulse_e/100 in effect

          Total errors: 0
          Total warnings: 0
   ***    SDF annotation completed: Tue May 19 03:48:06 2026



Warning-[SDFCOM_NTCDTL] NTC Delay is larger than ModPath Delay
/EDA_LIB/LIB/CBDK_IC_Contest_v2.5/Verilog/tsmc13_neg.v, 26810
instance: TESTBED.u_FIFO.sram_row_0__cell_q_reg_0_
  Negative Timing Check delay of signal "negedge D" is "157",
  which is larger than module path delay "142" 

the relevant timing check as below,
("/EDA_LIB/LIB/CBDK_IC_Contest_v2.5/Verilog/tsmc13_neg.v", 26816, $setuphold(negedge G &&& (SandR == 1'b1), negedge D,... ))


Warning-[SDFCOM_NTCDTL] NTC Delay is larger than ModPath Delay
/EDA_LIB/LIB/CBDK_IC_Contest_v2.5/Verilog/tsmc13_neg.v, 26810
instance: TESTBED.u_FIFO.sram_row_0__cell_q_reg_1_
  Negative Timing Check delay of signal "negedge D" is "157",
  which is larger than module path delay "142" 

the relevant timing check as below,
("/EDA_LIB/LIB/CBDK_IC_Contest_v2.5/Verilog/tsmc13_neg.v", 26816, $setuphold(negedge G &&& (SandR == 1'b1), negedge D,... ))


Warning-[SDFCOM_NTCDTL] NTC Delay is larger than ModPath Delay
/EDA_LIB/LIB/CBDK_IC_Contest_v2.5/Verilog/tsmc13_neg.v, 26810
instance: TESTBED.u_FIFO.sram_row_0__cell_q_reg_2_
  Negative Timing Check delay of signal "negedge D" is "157",
  which is larger than module path delay "142" 

the relevant timing check as below,
("/EDA_LIB/LIB/CBDK_IC_Contest_v2.5/Verilog/tsmc13_neg.v", 26816, $setuphold(
	negedge G &&& (SandR == 1'b1), negedge D,... ))


Warning-[SDFCOM_NTCDTL] NTC Delay is larger than ModPath Delay
/EDA_LIB/LIB/CBDK_IC_Contest_v2.5/Verilog/tsmc13_neg.v, 26810
instance: TESTBED.u_FIFO.sram_row_0__cell_q_reg_3_
  Negative Timing Check delay of signal "negedge D" is "157",
  which is larger than module path delay "142" 

the relevant timing check as below,
("/EDA_LIB/LIB/CBDK_IC_Contest_v2.5/Verilog/tsmc13_neg.v", 26816, $setuphold(negedge G &&& (SandR == 1'b1), 
	negedge D,... ))


Warning-[SDFCOM_NTCDTL] NTC Delay is larger than ModPath Delay
/EDA_LIB/LIB/CBDK_IC_Contest_v2.5/Verilog/tsmc13_neg.v, 26810
instance: TESTBED.u_FIFO.sram_row_0__cell_q_reg_4_
  Negative Timing Check delay of signal "negedge D" is "157",
  which is larger than module path delay "142" 

the relevant timing check as below,
("/EDA_LIB/LIB/CBDK_IC_Contest_v2.5/Verilog/tsmc13_neg.v", 26816, $setuphold(negedge G &&& (SandR == 1'b1), negedge D,... ))


Warning-[SDFCOM_NTCDTL] NTC Delay is larger than ModPath Delay
/EDA_LIB/LIB/CBDK_IC_Contest_v2.5/Verilog/tsmc13_neg.v, 26810
instance: TESTBED.u_FIFO.sram_row_0__cell_q_reg_5_
  Negative Timing Check delay of signal "negedge D" is "157",
  which is larger than module path delay "142" 

the relevant timing check as below,
("/EDA_LIB/LIB/CBDK_IC_Contest_v2.5/Verilog/tsmc13_neg.v", 26816, $setuphold(negedge G &&& (SandR == 
	1'b1), negedge D,... ))


Warning-[SDFCOM_NTCDTL] NTC Delay is larger than ModPath Delay
/EDA_LIB/LIB/CBDK_IC_Contest_v2.5/Verilog/tsmc13_neg.v, 26810
instance: TESTBED.u_FIFO.sram_row_0__cell_q_reg_6_
  Negative Timing Check delay of signal "negedge D" is "157",
  which is larger than module path delay "142" 

the relevant timing check as below,
("/EDA_LIB/LIB/CBDK_IC_Contest_v2.5/Verilog/tsmc13_neg.v", 26816, $setuphold(negedge G &&& (SandR == 1'b1), negedge D,... ))


Warning-[SDFCOM_NTCDTL] NTC Delay is larger than ModPath Delay
/EDA_LIB/LIB/CBDK_IC_Contest_v2.5/Verilog/tsmc13_neg.v, 26810
instance: TESTBED.u_FIFO.sram_row_0__cell_q_reg_7_
  Negative Timing Check delay of signal "negedge D" is "157",
  which is larger than module path delay "142" 

the relevant timing check as below,
("/EDA_LIB/LIB/CBDK_IC_Contest_v2.5/Verilog/tsmc13_neg.v", 26816, $setuphold(negedge G &&& (SandR
	== 1'b1), negedge D,... ))


Warning-[SDFCOM_NTCDTL] NTC Delay is larger than ModPath Delay
/EDA_LIB/LIB/CBDK_IC_Contest_v2.5/Verilog/tsmc13_neg.v, 26810
instance: TESTBED.u_FIFO.sram_row_10__cell_q_reg_0_
  Negative Timing Check delay of signal "negedge D" is "163",
  which is larger than module path delay "162" 

the relevant timing check as below,
("/EDA_LIB/LIB/CBDK_IC_Contest_v2.5/Verilog/tsmc13_neg.v", 26816, $setuphold(negedge G &&& (SandR == 1'b1), negedge D,... ))


Warning-[SDFCOM_NTCDTL] NTC Delay is larger than ModPath Delay
/EDA_LIB/LIB/CBDK_IC_Contest_v2.5/Verilog/tsmc13_neg.v, 26810
instance: TESTBED.u_FIFO.sram_row_10__cell_q_reg_1_
  Negative Timing Check delay of signal "negedge D" is "163",
  which is larger than module path delay "162" 

the relevant timing check as below,
("/EDA_LIB/LIB/CBDK_IC_Contest_v2.5/Verilog/tsmc13_neg.v", 26816, $setuphold(negedge G &&& (
	SandR == 1'b1), negedge D,... ))


Warning-[SDFCOM_NTCDTL] NTC Delay is larger than ModPath Delay
/EDA_LIB/LIB/CBDK_IC_Contest_v2.5/Verilog/tsmc13_neg.v, 26810
instance: TESTBED.u_FIFO.sram_row_10__cell_q_reg_2_
  Negative Timing Check delay of signal "negedge D" is "163",
  which is larger than module path delay "162" 

the relevant timing check as below,
("/EDA_LIB/LIB/CBDK_IC_Contest_v2.5/Verilog/tsmc13_neg.v", 26816, $setuphold(negedge G &&& (SandR == 1'b1), negedge D,... ))


Warning-[SDFCOM_NTCDTL] NTC Delay is larger than ModPath Delay
/EDA_LIB/LIB/CBDK_IC_Contest_v2.5/Verilog/tsmc13_neg.v, 26810
instance: TESTBED.u_FIFO.sram_row_10__cell_q_reg_3_
  Negative Timing Check delay of signal "negedge D" is "163",
  which is larger than module path delay "162" 

the relevant timing check as below,
("/EDA_LIB/LIB/CBDK_IC_Contest_v2.5/Verilog/tsmc13_neg.v", 26816, $setuphold(negedge G
	&&& (SandR == 1'b1), negedge D,... ))


Warning-[SDFCOM_NTCDTL] NTC Delay is larger than ModPath Delay
/EDA_LIB/LIB/CBDK_IC_Contest_v2.5/Verilog/tsmc13_neg.v, 26810
instance: TESTBED.u_FIFO.sram_row_10__cell_q_reg_4_
  Negative Timing Check delay of signal "negedge D" is "163",
  which is larger than module path delay "162" 

the relevant timing check as below,
("/EDA_LIB/LIB/CBDK_IC_Contest_v2.5/Verilog/tsmc13_neg.v", 26816, $setuphold(negedge G &&& (SandR == 1'b1), negedge D,... ))


Warning-[SDFCOM_NTCDTL] NTC Delay is larger than ModPath Delay
/EDA_LIB/LIB/CBDK_IC_Contest_v2.5/Verilog/tsmc13_neg.v, 26810
instance: TESTBED.u_FIFO.sram_row_10__cell_q_reg_5_
  Negative Timing Check delay of signal "negedge D" is "163",
  which is larger than module path delay "162" 

the relevant timing check as below,
("/EDA_LIB/LIB/CBDK_IC_Contest_v2.5/Verilog/tsmc13_neg.v", 26816, $setuphold(
	negedge G &&& (SandR == 1'b1), negedge D,... ))


Warning-[SDFCOM_NTCDTL] NTC Delay is larger than ModPath Delay
/EDA_LIB/LIB/CBDK_IC_Contest_v2.5/Verilog/tsmc13_neg.v, 26810
instance: TESTBED.u_FIFO.sram_row_10__cell_q_reg_6_
  Negative Timing Check delay of signal "negedge D" is "163",
  which is larger than module path delay "162" 

the relevant timing check as below,
("/EDA_LIB/LIB/CBDK_IC_Contest_v2.5/Verilog/tsmc13_neg.v", 26816, $setuphold(negedge G &&& (SandR == 1'b1), 
	negedge D,... ))


Warning-[SDFCOM_NTCDTL] NTC Delay is larger than ModPath Delay
/EDA_LIB/LIB/CBDK_IC_Contest_v2.5/Verilog/tsmc13_neg.v, 26810
instance: TESTBED.u_FIFO.sram_row_10__cell_q_reg_7_
  Negative Timing Check delay of signal "negedge D" is "163",
  which is larger than module path delay "162" 

the relevant timing check as below,
("/EDA_LIB/LIB/CBDK_IC_Contest_v2.5/Verilog/tsmc13_neg.v", 26816, $setuphold(negedge G &&& (SandR == 1'b1), negedge D,... ))


Warning-[SDFCOM_NTCDTL] NTC Delay is larger than ModPath Delay
/EDA_LIB/LIB/CBDK_IC_Contest_v2.5/Verilog/tsmc13_neg.v, 26810
instance: TESTBED.u_FIFO.sram_row_11__cell_q_reg_0_
  Negative Timing Check delay of signal "negedge D" is "163",
  which is larger than module path delay "162" 

the relevant timing check as below,
("/EDA_LIB/LIB/CBDK_IC_Contest_v2.5/Verilog/tsmc13_neg.v", 26816, $setuphold(negedge G &&& (SandR == 
	1'b1), negedge D,... ))


Warning-[SDFCOM_NTCDTL] NTC Delay is larger than ModPath Delay
/EDA_LIB/LIB/CBDK_IC_Contest_v2.5/Verilog/tsmc13_neg.v, 26810
instance: TESTBED.u_FIFO.sram_row_11__cell_q_reg_1_
  Negative Timing Check delay of signal "negedge D" is "163",
  which is larger than module path delay "162" 

the relevant timing check as below,
("/EDA_LIB/LIB/CBDK_IC_Contest_v2.5/Verilog/tsmc13_neg.v", 26816, $setuphold(negedge G &&& (SandR == 1'b1), negedge D,... ))


Warning-[SDFCOM_NTCDTL] NTC Delay is larger than ModPath Delay
/EDA_LIB/LIB/CBDK_IC_Contest_v2.5/Verilog/tsmc13_neg.v, 26810
instance: TESTBED.u_FIFO.sram_row_11__cell_q_reg_2_
  Negative Timing Check delay of signal "negedge D" is "163",
  which is larger than module path delay "162" 

the relevant timing check as below,
("/EDA_LIB/LIB/CBDK_IC_Contest_v2.5/Verilog/tsmc13_neg.v", 26816, $setuphold(negedge G &&& (SandR
	== 1'b1), negedge D,... ))


Warning-[SDFCOM_NTCDTL] NTC Delay is larger than ModPath Delay
/EDA_LIB/LIB/CBDK_IC_Contest_v2.5/Verilog/tsmc13_neg.v, 26810
instance: TESTBED.u_FIFO.sram_row_11__cell_q_reg_3_
  Negative Timing Check delay of signal "negedge D" is "163",
  which is larger than module path delay "162" 

the relevant timing check as below,
("/EDA_LIB/LIB/CBDK_IC_Contest_v2.5/Verilog/tsmc13_neg.v", 26816, $setuphold(negedge G &&& (SandR == 1'b1), negedge D,... ))


Warning-[SDFCOM_NTCDTL] NTC Delay is larger than ModPath Delay
/EDA_LIB/LIB/CBDK_IC_Contest_v2.5/Verilog/tsmc13_neg.v, 26810
instance: TESTBED.u_FIFO.sram_row_11__cell_q_reg_4_
  Negative Timing Check delay of signal "negedge D" is "163",
  which is larger than module path delay "162" 

the relevant timing check as below,
("/EDA_LIB/LIB/CBDK_IC_Contest_v2.5/Verilog/tsmc13_neg.v", 26816, $setuphold(negedge G &&& (
	SandR == 1'b1), negedge D,... ))


Warning-[SDFCOM_NTCDTL] NTC Delay is larger than ModPath Delay
/EDA_LIB/LIB/CBDK_IC_Contest_v2.5/Verilog/tsmc13_neg.v, 26810
instance: TESTBED.u_FIFO.sram_row_11__cell_q_reg_5_
  Negative Timing Check delay of signal "negedge D" is "163",
  which is larger than module path delay "162" 

the relevant timing check as below,
("/EDA_LIB/LIB/CBDK_IC_Contest_v2.5/Verilog/tsmc13_neg.v", 26816, $setuphold(negedge G &&& (SandR == 1'b1), negedge D,... ))


Warning-[SDFCOM_NTCDTL] NTC Delay is larger than ModPath Delay
/EDA_LIB/LIB/CBDK_IC_Contest_v2.5/Verilog/tsmc13_neg.v, 26810
instance: TESTBED.u_FIFO.sram_row_11__cell_q_reg_6_
  Negative Timing Check delay of signal "negedge D" is "163",
  which is larger than module path delay "162" 

the relevant timing check as below,
("/EDA_LIB/LIB/CBDK_IC_Contest_v2.5/Verilog/tsmc13_neg.v", 26816, $setuphold(negedge G
	&&& (SandR == 1'b1), negedge D,... ))


Warning-[SDFCOM_NTCDTL] NTC Delay is larger than ModPath Delay
/EDA_LIB/LIB/CBDK_IC_Contest_v2.5/Verilog/tsmc13_neg.v, 26810
instance: TESTBED.u_FIFO.sram_row_11__cell_q_reg_7_
  Negative Timing Check delay of signal "negedge D" is "163",
  which is larger than module path delay "162" 

the relevant timing check as below,
("/EDA_LIB/LIB/CBDK_IC_Contest_v2.5/Verilog/tsmc13_neg.v", 26816, $setuphold(negedge G &&& (SandR == 1'b1), negedge D,... ))


Warning-[SDFCOM_NTCDTL] NTC Delay is larger than ModPath Delay
/EDA_LIB/LIB/CBDK_IC_Contest_v2.5/Verilog/tsmc13_neg.v, 26810
instance: TESTBED.u_FIFO.sram_row_12__cell_q_reg_0_
  Negative Timing Check delay of signal "negedge D" is "163",
  which is larger than module path delay "154" 

the relevant timing check as below,
("/EDA_LIB/LIB/CBDK_IC_Contest_v2.5/Verilog/tsmc13_neg.v", 26816, $setuphold(
	negedge G &&& (SandR == 1'b1), negedge D,... ))


Warning-[SDFCOM_NTCDTL] NTC Delay is larger than ModPath Delay
/EDA_LIB/LIB/CBDK_IC_Contest_v2.5/Verilog/tsmc13_neg.v, 26810
instance: TESTBED.u_FIFO.sram_row_12__cell_q_reg_1_
  Negative Timing Check delay of signal "negedge D" is "163",
  which is larger than module path delay "154" 

the relevant timing check as below,
("/EDA_LIB/LIB/CBDK_IC_Contest_v2.5/Verilog/tsmc13_neg.v", 26816, $setuphold(negedge G &&& (SandR == 1'b1), 
	negedge D,... ))


Warning-[SDFCOM_NTCDTL] NTC Delay is larger than ModPath Delay
/EDA_LIB/LIB/CBDK_IC_Contest_v2.5/Verilog/tsmc13_neg.v, 26810
instance: TESTBED.u_FIFO.sram_row_12__cell_q_reg_2_
  Negative Timing Check delay of signal "negedge D" is "163",
  which is larger than module path delay "154" 

the relevant timing check as below,
("/EDA_LIB/LIB/CBDK_IC_Contest_v2.5/Verilog/tsmc13_neg.v", 26816, $setuphold(negedge G &&& (SandR == 1'b1), negedge D,... ))


Warning-[SDFCOM_NTCDTL] NTC Delay is larger than ModPath Delay
/EDA_LIB/LIB/CBDK_IC_Contest_v2.5/Verilog/tsmc13_neg.v, 26810
instance: TESTBED.u_FIFO.sram_row_12__cell_q_reg_3_
  Negative Timing Check delay of signal "negedge D" is "163",
  which is larger than module path delay "154" 

the relevant timing check as below,
("/EDA_LIB/LIB/CBDK_IC_Contest_v2.5/Verilog/tsmc13_neg.v", 26816, $setuphold(negedge G &&& (SandR == 
	1'b1), negedge D,... ))


Warning-[SDFCOM_NTCDTL] NTC Delay is larger than ModPath Delay
/EDA_LIB/LIB/CBDK_IC_Contest_v2.5/Verilog/tsmc13_neg.v, 26810
instance: TESTBED.u_FIFO.sram_row_12__cell_q_reg_4_
  Negative Timing Check delay of signal "negedge D" is "163",
  which is larger than module path delay "154" 

the relevant timing check as below,
("/EDA_LIB/LIB/CBDK_IC_Contest_v2.5/Verilog/tsmc13_neg.v", 26816, $setuphold(negedge G &&& (SandR == 1'b1), negedge D,... ))


Warning-[SDFCOM_NTCDTL] NTC Delay is larger than ModPath Delay
/EDA_LIB/LIB/CBDK_IC_Contest_v2.5/Verilog/tsmc13_neg.v, 26810
instance: TESTBED.u_FIFO.sram_row_12__cell_q_reg_5_
  Negative Timing Check delay of signal "negedge D" is "163",
  which is larger than module path delay "154" 

the relevant timing check as below,
("/EDA_LIB/LIB/CBDK_IC_Contest_v2.5/Verilog/tsmc13_neg.v", 26816, $setuphold(negedge G &&& (SandR
	== 1'b1), negedge D,... ))


Warning-[SDFCOM_NTCDTL] NTC Delay is larger than ModPath Delay
/EDA_LIB/LIB/CBDK_IC_Contest_v2.5/Verilog/tsmc13_neg.v, 26810
instance: TESTBED.u_FIFO.sram_row_12__cell_q_reg_6_
  Negative Timing Check delay of signal "negedge D" is "163",
  which is larger than module path delay "154" 

the relevant timing check as below,
("/EDA_LIB/LIB/CBDK_IC_Contest_v2.5/Verilog/tsmc13_neg.v", 26816, $setuphold(negedge G &&& (SandR == 1'b1), negedge D,... ))


Warning-[SDFCOM_NTCDTL] NTC Delay is larger than ModPath Delay
/EDA_LIB/LIB/CBDK_IC_Contest_v2.5/Verilog/tsmc13_neg.v, 26810
instance: TESTBED.u_FIFO.sram_row_12__cell_q_reg_7_
  Negative Timing Check delay of signal "negedge D" is "163",
  which is larger than module path delay "154" 

the relevant timing check as below,
("/EDA_LIB/LIB/CBDK_IC_Contest_v2.5/Verilog/tsmc13_neg.v", 26816, $setuphold(negedge G &&& (
	SandR == 1'b1), negedge D,... ))


Warning-[SDFCOM_NTCDTL] NTC Delay is larger than ModPath Delay
/EDA_LIB/LIB/CBDK_IC_Contest_v2.5/Verilog/tsmc13_neg.v, 26810
instance: TESTBED.u_FIFO.sram_row_13__cell_q_reg_0_
  Negative Timing Check delay of signal "negedge D" is "163",
  which is larger than module path delay "157" 

the relevant timing check as below,
("/EDA_LIB/LIB/CBDK_IC_Contest_v2.5/Verilog/tsmc13_neg.v", 26816, $setuphold(negedge G &&& (SandR == 1'b1), negedge D,... ))


Warning-[SDFCOM_NTCDTL] NTC Delay is larger than ModPath Delay
/EDA_LIB/LIB/CBDK_IC_Contest_v2.5/Verilog/tsmc13_neg.v, 26810
instance: TESTBED.u_FIFO.sram_row_13__cell_q_reg_1_
  Negative Timing Check delay of signal "negedge D" is "163",
  which is larger than module path delay "157" 

the relevant timing check as below,
("/EDA_LIB/LIB/CBDK_IC_Contest_v2.5/Verilog/tsmc13_neg.v", 26816, $setuphold(negedge G
	&&& (SandR == 1'b1), negedge D,... ))


Warning-[SDFCOM_NTCDTL] NTC Delay is larger than ModPath Delay
/EDA_LIB/LIB/CBDK_IC_Contest_v2.5/Verilog/tsmc13_neg.v, 26810
instance: TESTBED.u_FIFO.sram_row_13__cell_q_reg_2_
  Negative Timing Check delay of signal "negedge D" is "163",
  which is larger than module path delay "157" 

the relevant timing check as below,
("/EDA_LIB/LIB/CBDK_IC_Contest_v2.5/Verilog/tsmc13_neg.v", 26816, $setuphold(negedge G &&& (SandR == 1'b1), negedge D,... ))


Warning-[SDFCOM_NTCDTL] NTC Delay is larger than ModPath Delay
/EDA_LIB/LIB/CBDK_IC_Contest_v2.5/Verilog/tsmc13_neg.v, 26810
instance: TESTBED.u_FIFO.sram_row_13__cell_q_reg_3_
  Negative Timing Check delay of signal "negedge D" is "163",
  which is larger than module path delay "157" 

the relevant timing check as below,
("/EDA_LIB/LIB/CBDK_IC_Contest_v2.5/Verilog/tsmc13_neg.v", 26816, $setuphold(
	negedge G &&& (SandR == 1'b1), negedge D,... ))


Warning-[SDFCOM_NTCDTL] NTC Delay is larger than ModPath Delay
/EDA_LIB/LIB/CBDK_IC_Contest_v2.5/Verilog/tsmc13_neg.v, 26810
instance: TESTBED.u_FIFO.sram_row_13__cell_q_reg_4_
  Negative Timing Check delay of signal "negedge D" is "163",
  which is larger than module path delay "157" 

the relevant timing check as below,
("/EDA_LIB/LIB/CBDK_IC_Contest_v2.5/Verilog/tsmc13_neg.v", 26816, $setuphold(negedge G &&& (SandR == 1'b1), 
	negedge D,... ))


Warning-[SDFCOM_NTCDTL] NTC Delay is larger than ModPath Delay
/EDA_LIB/LIB/CBDK_IC_Contest_v2.5/Verilog/tsmc13_neg.v, 26810
instance: TESTBED.u_FIFO.sram_row_13__cell_q_reg_5_
  Negative Timing Check delay of signal "negedge D" is "163",
  which is larger than module path delay "157" 

the relevant timing check as below,
("/EDA_LIB/LIB/CBDK_IC_Contest_v2.5/Verilog/tsmc13_neg.v", 26816, $setuphold(negedge G &&& (SandR == 1'b1), negedge D,... ))


Warning-[SDFCOM_NTCDTL] NTC Delay is larger than ModPath Delay
/EDA_LIB/LIB/CBDK_IC_Contest_v2.5/Verilog/tsmc13_neg.v, 26810
instance: TESTBED.u_FIFO.sram_row_13__cell_q_reg_6_
  Negative Timing Check delay of signal "negedge D" is "163",
  which is larger than module path delay "157" 

the relevant timing check as below,
("/EDA_LIB/LIB/CBDK_IC_Contest_v2.5/Verilog/tsmc13_neg.v", 26816, $setuphold(negedge G &&& (SandR == 
	1'b1), negedge D,... ))


Warning-[SDFCOM_NTCDTL] NTC Delay is larger than ModPath Delay
/EDA_LIB/LIB/CBDK_IC_Contest_v2.5/Verilog/tsmc13_neg.v, 26810
instance: TESTBED.u_FIFO.sram_row_13__cell_q_reg_7_
  Negative Timing Check delay of signal "negedge D" is "163",
  which is larger than module path delay "157" 

the relevant timing check as below,
("/EDA_LIB/LIB/CBDK_IC_Contest_v2.5/Verilog/tsmc13_neg.v", 26816, $setuphold(negedge G &&& (SandR == 1'b1), negedge D,... ))


Warning-[SDFCOM_NTCDTL] NTC Delay is larger than ModPath Delay
/EDA_LIB/LIB/CBDK_IC_Contest_v2.5/Verilog/tsmc13_neg.v, 26810
instance: TESTBED.u_FIFO.sram_row_14__cell_q_reg_0_
  Negative Timing Check delay of signal "negedge D" is "163",
  which is larger than module path delay "162" 

the relevant timing check as below,
("/EDA_LIB/LIB/CBDK_IC_Contest_v2.5/Verilog/tsmc13_neg.v", 26816, $setuphold(negedge G &&& (SandR
	== 1'b1), negedge D,... ))


Warning-[SDFCOM_NTCDTL] NTC Delay is larger than ModPath Delay
/EDA_LIB/LIB/CBDK_IC_Contest_v2.5/Verilog/tsmc13_neg.v, 26810
instance: TESTBED.u_FIFO.sram_row_14__cell_q_reg_1_
  Negative Timing Check delay of signal "negedge D" is "163",
  which is larger than module path delay "162" 

the relevant timing check as below,
("/EDA_LIB/LIB/CBDK_IC_Contest_v2.5/Verilog/tsmc13_neg.v", 26816, $setuphold(negedge G &&& (SandR == 1'b1), negedge D,... ))


Warning-[SDFCOM_NTCDTL] NTC Delay is larger than ModPath Delay
/EDA_LIB/LIB/CBDK_IC_Contest_v2.5/Verilog/tsmc13_neg.v, 26810
instance: TESTBED.u_FIFO.sram_row_14__cell_q_reg_2_
  Negative Timing Check delay of signal "negedge D" is "163",
  which is larger than module path delay "162" 

the relevant timing check as below,
("/EDA_LIB/LIB/CBDK_IC_Contest_v2.5/Verilog/tsmc13_neg.v", 26816, $setuphold(negedge G &&& (
	SandR == 1'b1), negedge D,... ))


Warning-[SDFCOM_NTCDTL] NTC Delay is larger than ModPath Delay
/EDA_LIB/LIB/CBDK_IC_Contest_v2.5/Verilog/tsmc13_neg.v, 26810
instance: TESTBED.u_FIFO.sram_row_14__cell_q_reg_3_
  Negative Timing Check delay of signal "negedge D" is "163",
  which is larger than module path delay "162" 

the relevant timing check as below,
("/EDA_LIB/LIB/CBDK_IC_Contest_v2.5/Verilog/tsmc13_neg.v", 26816, $setuphold(negedge G &&& (SandR == 1'b1), negedge D,... ))


Warning-[SDFCOM_NTCDTL] NTC Delay is larger than ModPath Delay
/EDA_LIB/LIB/CBDK_IC_Contest_v2.5/Verilog/tsmc13_neg.v, 26810
instance: TESTBED.u_FIFO.sram_row_14__cell_q_reg_4_
  Negative Timing Check delay of signal "negedge D" is "163",
  which is larger than module path delay "162" 

the relevant timing check as below,
("/EDA_LIB/LIB/CBDK_IC_Contest_v2.5/Verilog/tsmc13_neg.v", 26816, $setuphold(negedge G
	&&& (SandR == 1'b1), negedge D,... ))


Warning-[SDFCOM_NTCDTL] NTC Delay is larger than ModPath Delay
/EDA_LIB/LIB/CBDK_IC_Contest_v2.5/Verilog/tsmc13_neg.v, 26810
instance: TESTBED.u_FIFO.sram_row_14__cell_q_reg_5_
  Negative Timing Check delay of signal "negedge D" is "163",
  which is larger than module path delay "162" 

the relevant timing check as below,
("/EDA_LIB/LIB/CBDK_IC_Contest_v2.5/Verilog/tsmc13_neg.v", 26816, $setuphold(negedge G &&& (SandR == 1'b1), negedge D,... ))


Warning-[SDFCOM_NTCDTL] NTC Delay is larger than ModPath Delay
/EDA_LIB/LIB/CBDK_IC_Contest_v2.5/Verilog/tsmc13_neg.v, 26810
instance: TESTBED.u_FIFO.sram_row_14__cell_q_reg_6_
  Negative Timing Check delay of signal "negedge D" is "163",
  which is larger than module path delay "162" 

the relevant timing check as below,
("/EDA_LIB/LIB/CBDK_IC_Contest_v2.5/Verilog/tsmc13_neg.v", 26816, $setuphold(
	negedge G &&& (SandR == 1'b1), negedge D,... ))


Warning-[SDFCOM_NTCDTL] NTC Delay is larger than ModPath Delay
/EDA_LIB/LIB/CBDK_IC_Contest_v2.5/Verilog/tsmc13_neg.v, 26810
instance: TESTBED.u_FIFO.sram_row_14__cell_q_reg_7_
  Negative Timing Check delay of signal "negedge D" is "163",
  which is larger than module path delay "162" 

the relevant timing check as below,
("/EDA_LIB/LIB/CBDK_IC_Contest_v2.5/Verilog/tsmc13_neg.v", 26816, $setuphold(negedge G &&& (SandR == 1'b1), 
	negedge D,... ))


Warning-[SDFCOM_NTCDTL] NTC Delay is larger than ModPath Delay
/EDA_LIB/LIB/CBDK_IC_Contest_v2.5/Verilog/tsmc13_neg.v, 26810
instance: TESTBED.u_FIFO.sram_row_15__cell_q_reg_0_
  Negative Timing Check delay of signal "negedge D" is "163",
  which is larger than module path delay "162" 

the relevant timing check as below,
("/EDA_LIB/LIB/CBDK_IC_Contest_v2.5/Verilog/tsmc13_neg.v", 26816, $setuphold(negedge G &&& (SandR == 1'b1), negedge D,... ))


Warning-[SDFCOM_NTCDTL] NTC Delay is larger than ModPath Delay
/EDA_LIB/LIB/CBDK_IC_Contest_v2.5/Verilog/tsmc13_neg.v, 26810
instance: TESTBED.u_FIFO.sram_row_15__cell_q_reg_1_
  Negative Timing Check delay of signal "negedge D" is "163",
  which is larger than module path delay "162" 

the relevant timing check as below,
("/EDA_LIB/LIB/CBDK_IC_Contest_v2.5/Verilog/tsmc13_neg.v", 26816, $setuphold(negedge G &&& (SandR == 
	1'b1), negedge D,... ))


Warning-[SDFCOM_NTCDTL] NTC Delay is larger than ModPath Delay
/EDA_LIB/LIB/CBDK_IC_Contest_v2.5/Verilog/tsmc13_neg.v, 26810
instance: TESTBED.u_FIFO.sram_row_15__cell_q_reg_2_
  Negative Timing Check delay of signal "negedge D" is "163",
  which is larger than module path delay "162" 

the relevant timing check as below,
("/EDA_LIB/LIB/CBDK_IC_Contest_v2.5/Verilog/tsmc13_neg.v", 26816, $setuphold(negedge G &&& (SandR == 1'b1), negedge D,... ))


Warning-[SDFCOM_NTCDTL] NTC Delay is larger than ModPath Delay
/EDA_LIB/LIB/CBDK_IC_Contest_v2.5/Verilog/tsmc13_neg.v, 26810
instance: TESTBED.u_FIFO.sram_row_15__cell_q_reg_3_
  Negative Timing Check delay of signal "negedge D" is "163",
  which is larger than module path delay "162" 

the relevant timing check as below,
("/EDA_LIB/LIB/CBDK_IC_Contest_v2.5/Verilog/tsmc13_neg.v", 26816, $setuphold(negedge G &&& (SandR
	== 1'b1), negedge D,... ))


Warning-[SDFCOM_NTCDTL] NTC Delay is larger than ModPath Delay
/EDA_LIB/LIB/CBDK_IC_Contest_v2.5/Verilog/tsmc13_neg.v, 26810
instance: TESTBED.u_FIFO.sram_row_15__cell_q_reg_4_
  Negative Timing Check delay of signal "negedge D" is "163",
  which is larger than module path delay "162" 

the relevant timing check as below,
("/EDA_LIB/LIB/CBDK_IC_Contest_v2.5/Verilog/tsmc13_neg.v", 26816, $setuphold(negedge G &&& (SandR == 1'b1), negedge D,... ))


Warning-[SDFCOM_NTCDTL] NTC Delay is larger than ModPath Delay
/EDA_LIB/LIB/CBDK_IC_Contest_v2.5/Verilog/tsmc13_neg.v, 26810
instance: TESTBED.u_FIFO.sram_row_15__cell_q_reg_5_
  Negative Timing Check delay of signal "negedge D" is "163",
  which is larger than module path delay "162" 

the relevant timing check as below,
("/EDA_LIB/LIB/CBDK_IC_Contest_v2.5/Verilog/tsmc13_neg.v", 26816, $setuphold(negedge G &&& (
	SandR == 1'b1), negedge D,... ))


Warning-[SDFCOM_NTCDTL] NTC Delay is larger than ModPath Delay
/EDA_LIB/LIB/CBDK_IC_Contest_v2.5/Verilog/tsmc13_neg.v, 26810
instance: TESTBED.u_FIFO.sram_row_15__cell_q_reg_6_
  Negative Timing Check delay of signal "negedge D" is "163",
  which is larger than module path delay "162" 

the relevant timing check as below,
("/EDA_LIB/LIB/CBDK_IC_Contest_v2.5/Verilog/tsmc13_neg.v", 26816, $setuphold(negedge G &&& (SandR == 1'b1), negedge D,... ))


Warning-[SDFCOM_NTCDTL] NTC Delay is larger than ModPath Delay
/EDA_LIB/LIB/CBDK_IC_Contest_v2.5/Verilog/tsmc13_neg.v, 26810
instance: TESTBED.u_FIFO.sram_row_15__cell_q_reg_7_
  Negative Timing Check delay of signal "negedge D" is "163",
  which is larger than module path delay "162" 

the relevant timing check as below,
("/EDA_LIB/LIB/CBDK_IC_Contest_v2.5/Verilog/tsmc13_neg.v", 26816, $setuphold(negedge G
	&&& (SandR == 1'b1), negedge D,... ))


Warning-[SDFCOM_NTCDTL] NTC Delay is larger than ModPath Delay
/EDA_LIB/LIB/CBDK_IC_Contest_v2.5/Verilog/tsmc13_neg.v, 26810
instance: TESTBED.u_FIFO.sram_row_16__cell_q_reg_0_
  Negative Timing Check delay of signal "negedge D" is "163",
  which is larger than module path delay "154" 

the relevant timing check as below,
("/EDA_LIB/LIB/CBDK_IC_Contest_v2.5/Verilog/tsmc13_neg.v", 26816, $setuphold(negedge G &&& (SandR == 1'b1), negedge D,... ))


Warning-[SDFCOM_NTCDTL] NTC Delay is larger than ModPath Delay
/EDA_LIB/LIB/CBDK_IC_Contest_v2.5/Verilog/tsmc13_neg.v, 26810
instance: TESTBED.u_FIFO.sram_row_16__cell_q_reg_1_
  Negative Timing Check delay of signal "negedge D" is "163",
  which is larger than module path delay "154" 

the relevant timing check as below,
("/EDA_LIB/LIB/CBDK_IC_Contest_v2.5/Verilog/tsmc13_neg.v", 26816, $setuphold(
	negedge G &&& (SandR == 1'b1), negedge D,... ))


Warning-[SDFCOM_NTCDTL] NTC Delay is larger than ModPath Delay
/EDA_LIB/LIB/CBDK_IC_Contest_v2.5/Verilog/tsmc13_neg.v, 26810
instance: TESTBED.u_FIFO.sram_row_16__cell_q_reg_2_
  Negative Timing Check delay of signal "negedge D" is "163",
  which is larger than module path delay "154" 

the relevant timing check as below,
("/EDA_LIB/LIB/CBDK_IC_Contest_v2.5/Verilog/tsmc13_neg.v", 26816, $setuphold(negedge G &&& (SandR == 1'b1), 
	negedge D,... ))


Warning-[SDFCOM_NTCDTL] NTC Delay is larger than ModPath Delay
/EDA_LIB/LIB/CBDK_IC_Contest_v2.5/Verilog/tsmc13_neg.v, 26810
instance: TESTBED.u_FIFO.sram_row_16__cell_q_reg_3_
  Negative Timing Check delay of signal "negedge D" is "163",
  which is larger than module path delay "154" 

the relevant timing check as below,
("/EDA_LIB/LIB/CBDK_IC_Contest_v2.5/Verilog/tsmc13_neg.v", 26816, $setuphold(negedge G &&& (SandR == 1'b1), negedge D,... ))


Warning-[SDFCOM_NTCDTL] NTC Delay is larger than ModPath Delay
/EDA_LIB/LIB/CBDK_IC_Contest_v2.5/Verilog/tsmc13_neg.v, 26810
instance: TESTBED.u_FIFO.sram_row_16__cell_q_reg_4_
  Negative Timing Check delay of signal "negedge D" is "163",
  which is larger than module path delay "154" 

the relevant timing check as below,
("/EDA_LIB/LIB/CBDK_IC_Contest_v2.5/Verilog/tsmc13_neg.v", 26816, $setuphold(negedge G &&& (SandR == 
	1'b1), negedge D,... ))


Warning-[SDFCOM_NTCDTL] NTC Delay is larger than ModPath Delay
/EDA_LIB/LIB/CBDK_IC_Contest_v2.5/Verilog/tsmc13_neg.v, 26810
instance: TESTBED.u_FIFO.sram_row_16__cell_q_reg_5_
  Negative Timing Check delay of signal "negedge D" is "163",
  which is larger than module path delay "154" 

the relevant timing check as below,
("/EDA_LIB/LIB/CBDK_IC_Contest_v2.5/Verilog/tsmc13_neg.v", 26816, $setuphold(negedge G &&& (SandR == 1'b1), negedge D,... ))


Warning-[SDFCOM_NTCDTL] NTC Delay is larger than ModPath Delay
/EDA_LIB/LIB/CBDK_IC_Contest_v2.5/Verilog/tsmc13_neg.v, 26810
instance: TESTBED.u_FIFO.sram_row_16__cell_q_reg_6_
  Negative Timing Check delay of signal "negedge D" is "163",
  which is larger than module path delay "154" 

the relevant timing check as below,
("/EDA_LIB/LIB/CBDK_IC_Contest_v2.5/Verilog/tsmc13_neg.v", 26816, $setuphold(negedge G &&& (SandR
	== 1'b1), negedge D,... ))


Warning-[SDFCOM_NTCDTL] NTC Delay is larger than ModPath Delay
/EDA_LIB/LIB/CBDK_IC_Contest_v2.5/Verilog/tsmc13_neg.v, 26810
instance: TESTBED.u_FIFO.sram_row_16__cell_q_reg_7_
  Negative Timing Check delay of signal "negedge D" is "163",
  which is larger than module path delay "154" 

the relevant timing check as below,
("/EDA_LIB/LIB/CBDK_IC_Contest_v2.5/Verilog/tsmc13_neg.v", 26816, $setuphold(negedge G &&& (SandR == 1'b1), negedge D,... ))


Warning-[SDFCOM_NTCDTL] NTC Delay is larger than ModPath Delay
/EDA_LIB/LIB/CBDK_IC_Contest_v2.5/Verilog/tsmc13_neg.v, 26810
instance: TESTBED.u_FIFO.sram_row_17__cell_q_reg_0_
  Negative Timing Check delay of signal "negedge D" is "163",
  which is larger than module path delay "157" 

the relevant timing check as below,
("/EDA_LIB/LIB/CBDK_IC_Contest_v2.5/Verilog/tsmc13_neg.v", 26816, $setuphold(negedge G &&& (
	SandR == 1'b1), negedge D,... ))


Warning-[SDFCOM_NTCDTL] NTC Delay is larger than ModPath Delay
/EDA_LIB/LIB/CBDK_IC_Contest_v2.5/Verilog/tsmc13_neg.v, 26810
instance: TESTBED.u_FIFO.sram_row_17__cell_q_reg_1_
  Negative Timing Check delay of signal "negedge D" is "163",
  which is larger than module path delay "157" 

the relevant timing check as below,
("/EDA_LIB/LIB/CBDK_IC_Contest_v2.5/Verilog/tsmc13_neg.v", 26816, $setuphold(negedge G &&& (SandR == 1'b1), negedge D,... ))


Warning-[SDFCOM_NTCDTL] NTC Delay is larger than ModPath Delay
/EDA_LIB/LIB/CBDK_IC_Contest_v2.5/Verilog/tsmc13_neg.v, 26810
instance: TESTBED.u_FIFO.sram_row_17__cell_q_reg_2_
  Negative Timing Check delay of signal "negedge D" is "163",
  which is larger than module path delay "157" 

the relevant timing check as below,
("/EDA_LIB/LIB/CBDK_IC_Contest_v2.5/Verilog/tsmc13_neg.v", 26816, $setuphold(negedge G
	&&& (SandR == 1'b1), negedge D,... ))


Warning-[SDFCOM_NTCDTL] NTC Delay is larger than ModPath Delay
/EDA_LIB/LIB/CBDK_IC_Contest_v2.5/Verilog/tsmc13_neg.v, 26810
instance: TESTBED.u_FIFO.sram_row_17__cell_q_reg_3_
  Negative Timing Check delay of signal "negedge D" is "163",
  which is larger than module path delay "157" 

the relevant timing check as below,
("/EDA_LIB/LIB/CBDK_IC_Contest_v2.5/Verilog/tsmc13_neg.v", 26816, $setuphold(negedge G &&& (SandR == 1'b1), negedge D,... ))


Warning-[SDFCOM_NTCDTL] NTC Delay is larger than ModPath Delay
/EDA_LIB/LIB/CBDK_IC_Contest_v2.5/Verilog/tsmc13_neg.v, 26810
instance: TESTBED.u_FIFO.sram_row_17__cell_q_reg_4_
  Negative Timing Check delay of signal "negedge D" is "163",
  which is larger than module path delay "157" 

the relevant timing check as below,
("/EDA_LIB/LIB/CBDK_IC_Contest_v2.5/Verilog/tsmc13_neg.v", 26816, $setuphold(
	negedge G &&& (SandR == 1'b1), negedge D,... ))


Warning-[SDFCOM_NTCDTL] NTC Delay is larger than ModPath Delay
/EDA_LIB/LIB/CBDK_IC_Contest_v2.5/Verilog/tsmc13_neg.v, 26810
instance: TESTBED.u_FIFO.sram_row_17__cell_q_reg_5_
  Negative Timing Check delay of signal "negedge D" is "163",
  which is larger than module path delay "157" 

the relevant timing check as below,
("/EDA_LIB/LIB/CBDK_IC_Contest_v2.5/Verilog/tsmc13_neg.v", 26816, $setuphold(negedge G &&& (SandR == 1'b1), 
	negedge D,... ))


Warning-[SDFCOM_NTCDTL] NTC Delay is larger than ModPath Delay
/EDA_LIB/LIB/CBDK_IC_Contest_v2.5/Verilog/tsmc13_neg.v, 26810
instance: TESTBED.u_FIFO.sram_row_17__cell_q_reg_6_
  Negative Timing Check delay of signal "negedge D" is "163",
  which is larger than module path delay "157" 

the relevant timing check as below,
("/EDA_LIB/LIB/CBDK_IC_Contest_v2.5/Verilog/tsmc13_neg.v", 26816, $setuphold(negedge G &&& (SandR == 1'b1), negedge D,... ))


Warning-[SDFCOM_NTCDTL] NTC Delay is larger than ModPath Delay
/EDA_LIB/LIB/CBDK_IC_Contest_v2.5/Verilog/tsmc13_neg.v, 26810
instance: TESTBED.u_FIFO.sram_row_17__cell_q_reg_7_
  Negative Timing Check delay of signal "negedge D" is "163",
  which is larger than module path delay "157" 

the relevant timing check as below,
("/EDA_LIB/LIB/CBDK_IC_Contest_v2.5/Verilog/tsmc13_neg.v", 26816, $setuphold(negedge G &&& (SandR == 
	1'b1), negedge D,... ))


Warning-[SDFCOM_NTCDTL] NTC Delay is larger than ModPath Delay
/EDA_LIB/LIB/CBDK_IC_Contest_v2.5/Verilog/tsmc13_neg.v, 26810
instance: TESTBED.u_FIFO.sram_row_18__cell_q_reg_0_
  Negative Timing Check delay of signal "negedge D" is "163",
  which is larger than module path delay "162" 

the relevant timing check as below,
("/EDA_LIB/LIB/CBDK_IC_Contest_v2.5/Verilog/tsmc13_neg.v", 26816, $setuphold(negedge G &&& (SandR == 1'b1), negedge D,... ))


Warning-[SDFCOM_NTCDTL] NTC Delay is larger than ModPath Delay
/EDA_LIB/LIB/CBDK_IC_Contest_v2.5/Verilog/tsmc13_neg.v, 26810
instance: TESTBED.u_FIFO.sram_row_18__cell_q_reg_1_
  Negative Timing Check delay of signal "negedge D" is "163",
  which is larger than module path delay "162" 

the relevant timing check as below,
("/EDA_LIB/LIB/CBDK_IC_Contest_v2.5/Verilog/tsmc13_neg.v", 26816, $setuphold(negedge G &&& (SandR
	== 1'b1), negedge D,... ))


Warning-[SDFCOM_NTCDTL] NTC Delay is larger than ModPath Delay
/EDA_LIB/LIB/CBDK_IC_Contest_v2.5/Verilog/tsmc13_neg.v, 26810
instance: TESTBED.u_FIFO.sram_row_18__cell_q_reg_2_
  Negative Timing Check delay of signal "negedge D" is "163",
  which is larger than module path delay "162" 

the relevant timing check as below,
("/EDA_LIB/LIB/CBDK_IC_Contest_v2.5/Verilog/tsmc13_neg.v", 26816, $setuphold(negedge G &&& (SandR == 1'b1), negedge D,... ))


Warning-[SDFCOM_NTCDTL] NTC Delay is larger than ModPath Delay
/EDA_LIB/LIB/CBDK_IC_Contest_v2.5/Verilog/tsmc13_neg.v, 26810
instance: TESTBED.u_FIFO.sram_row_18__cell_q_reg_3_
  Negative Timing Check delay of signal "negedge D" is "163",
  which is larger than module path delay "162" 

the relevant timing check as below,
("/EDA_LIB/LIB/CBDK_IC_Contest_v2.5/Verilog/tsmc13_neg.v", 26816, $setuphold(negedge G &&& (
	SandR == 1'b1), negedge D,... ))


Warning-[SDFCOM_NTCDTL] NTC Delay is larger than ModPath Delay
/EDA_LIB/LIB/CBDK_IC_Contest_v2.5/Verilog/tsmc13_neg.v, 26810
instance: TESTBED.u_FIFO.sram_row_18__cell_q_reg_4_
  Negative Timing Check delay of signal "negedge D" is "163",
  which is larger than module path delay "162" 

the relevant timing check as below,
("/EDA_LIB/LIB/CBDK_IC_Contest_v2.5/Verilog/tsmc13_neg.v", 26816, $setuphold(negedge G &&& (SandR == 1'b1), negedge D,... ))


Warning-[SDFCOM_NTCDTL] NTC Delay is larger than ModPath Delay
/EDA_LIB/LIB/CBDK_IC_Contest_v2.5/Verilog/tsmc13_neg.v, 26810
instance: TESTBED.u_FIFO.sram_row_18__cell_q_reg_5_
  Negative Timing Check delay of signal "negedge D" is "163",
  which is larger than module path delay "162" 

the relevant timing check as below,
("/EDA_LIB/LIB/CBDK_IC_Contest_v2.5/Verilog/tsmc13_neg.v", 26816, $setuphold(negedge G
	&&& (SandR == 1'b1), negedge D,... ))


Warning-[SDFCOM_NTCDTL] NTC Delay is larger than ModPath Delay
/EDA_LIB/LIB/CBDK_IC_Contest_v2.5/Verilog/tsmc13_neg.v, 26810
instance: TESTBED.u_FIFO.sram_row_18__cell_q_reg_6_
  Negative Timing Check delay of signal "negedge D" is "163",
  which is larger than module path delay "162" 

the relevant timing check as below,
("/EDA_LIB/LIB/CBDK_IC_Contest_v2.5/Verilog/tsmc13_neg.v", 26816, $setuphold(negedge G &&& (SandR == 1'b1), negedge D,... ))


Warning-[SDFCOM_NTCDTL] NTC Delay is larger than ModPath Delay
/EDA_LIB/LIB/CBDK_IC_Contest_v2.5/Verilog/tsmc13_neg.v, 26810
instance: TESTBED.u_FIFO.sram_row_18__cell_q_reg_7_
  Negative Timing Check delay of signal "negedge D" is "163",
  which is larger than module path delay "162" 

the relevant timing check as below,
("/EDA_LIB/LIB/CBDK_IC_Contest_v2.5/Verilog/tsmc13_neg.v", 26816, $setuphold(
	negedge G &&& (SandR == 1'b1), negedge D,... ))


Warning-[SDFCOM_NTCDTL] NTC Delay is larger than ModPath Delay
/EDA_LIB/LIB/CBDK_IC_Contest_v2.5/Verilog/tsmc13_neg.v, 26810
instance: TESTBED.u_FIFO.sram_row_19__cell_q_reg_0_
  Negative Timing Check delay of signal "negedge D" is "163",
  which is larger than module path delay "162" 

the relevant timing check as below,
("/EDA_LIB/LIB/CBDK_IC_Contest_v2.5/Verilog/tsmc13_neg.v", 26816, $setuphold(negedge G &&& (SandR == 1'b1), 
	negedge D,... ))


Warning-[SDFCOM_NTCDTL] NTC Delay is larger than ModPath Delay
/EDA_LIB/LIB/CBDK_IC_Contest_v2.5/Verilog/tsmc13_neg.v, 26810
instance: TESTBED.u_FIFO.sram_row_19__cell_q_reg_1_
  Negative Timing Check delay of signal "negedge D" is "163",
  which is larger than module path delay "162" 

the relevant timing check as below,
("/EDA_LIB/LIB/CBDK_IC_Contest_v2.5/Verilog/tsmc13_neg.v", 26816, $setuphold(negedge G &&& (SandR == 1'b1), negedge D,... ))


Warning-[SDFCOM_NTCDTL] NTC Delay is larger than ModPath Delay
/EDA_LIB/LIB/CBDK_IC_Contest_v2.5/Verilog/tsmc13_neg.v, 26810
instance: TESTBED.u_FIFO.sram_row_19__cell_q_reg_2_
  Negative Timing Check delay of signal "negedge D" is "163",
  which is larger than module path delay "162" 

the relevant timing check as below,
("/EDA_LIB/LIB/CBDK_IC_Contest_v2.5/Verilog/tsmc13_neg.v", 26816, $setuphold(negedge G &&& (SandR == 
	1'b1), negedge D,... ))


Warning-[SDFCOM_NTCDTL] NTC Delay is larger than ModPath Delay
/EDA_LIB/LIB/CBDK_IC_Contest_v2.5/Verilog/tsmc13_neg.v, 26810
instance: TESTBED.u_FIFO.sram_row_19__cell_q_reg_3_
  Negative Timing Check delay of signal "negedge D" is "163",
  which is larger than module path delay "162" 

the relevant timing check as below,
("/EDA_LIB/LIB/CBDK_IC_Contest_v2.5/Verilog/tsmc13_neg.v", 26816, $setuphold(negedge G &&& (SandR == 1'b1), negedge D,... ))


Warning-[SDFCOM_NTCDTL] NTC Delay is larger than ModPath Delay
/EDA_LIB/LIB/CBDK_IC_Contest_v2.5/Verilog/tsmc13_neg.v, 26810
instance: TESTBED.u_FIFO.sram_row_19__cell_q_reg_4_
  Negative Timing Check delay of signal "negedge D" is "163",
  which is larger than module path delay "162" 

the relevant timing check as below,
("/EDA_LIB/LIB/CBDK_IC_Contest_v2.5/Verilog/tsmc13_neg.v", 26816, $setuphold(negedge G &&& (SandR
	== 1'b1), negedge D,... ))


Warning-[SDFCOM_NTCDTL] NTC Delay is larger than ModPath Delay
/EDA_LIB/LIB/CBDK_IC_Contest_v2.5/Verilog/tsmc13_neg.v, 26810
instance: TESTBED.u_FIFO.sram_row_19__cell_q_reg_5_
  Negative Timing Check delay of signal "negedge D" is "163",
  which is larger than module path delay "162" 

the relevant timing check as below,
("/EDA_LIB/LIB/CBDK_IC_Contest_v2.5/Verilog/tsmc13_neg.v", 26816, $setuphold(negedge G &&& (SandR == 1'b1), negedge D,... ))


Warning-[SDFCOM_NTCDTL] NTC Delay is larger than ModPath Delay
/EDA_LIB/LIB/CBDK_IC_Contest_v2.5/Verilog/tsmc13_neg.v, 26810
instance: TESTBED.u_FIFO.sram_row_19__cell_q_reg_6_
  Negative Timing Check delay of signal "negedge D" is "163",
  which is larger than module path delay "162" 

the relevant timing check as below,
("/EDA_LIB/LIB/CBDK_IC_Contest_v2.5/Verilog/tsmc13_neg.v", 26816, $setuphold(negedge G &&& (
	SandR == 1'b1), negedge D,... ))


Warning-[SDFCOM_NTCDTL] NTC Delay is larger than ModPath Delay
/EDA_LIB/LIB/CBDK_IC_Contest_v2.5/Verilog/tsmc13_neg.v, 26810
instance: TESTBED.u_FIFO.sram_row_19__cell_q_reg_7_
  Negative Timing Check delay of signal "negedge D" is "163",
  which is larger than module path delay "162" 

the relevant timing check as below,
("/EDA_LIB/LIB/CBDK_IC_Contest_v2.5/Verilog/tsmc13_neg.v", 26816, $setuphold(negedge G &&& (SandR == 1'b1), negedge D,... ))


Warning-[SDFCOM_NTCDTL] NTC Delay is larger than ModPath Delay
/EDA_LIB/LIB/CBDK_IC_Contest_v2.5/Verilog/tsmc13_neg.v, 26810
instance: TESTBED.u_FIFO.sram_row_1__cell_q_reg_0_
  Negative Timing Check delay of signal "negedge D" is "157",
  which is larger than module path delay "145" 

the relevant timing check as below,
("/EDA_LIB/LIB/CBDK_IC_Contest_v2.5/Verilog/tsmc13_neg.v", 26816, $setuphold(negedge G
	&&& (SandR == 1'b1), negedge D,... ))


Warning-[SDFCOM_NTCDTL] NTC Delay is larger than ModPath Delay
/EDA_LIB/LIB/CBDK_IC_Contest_v2.5/Verilog/tsmc13_neg.v, 26810
instance: TESTBED.u_FIFO.sram_row_1__cell_q_reg_1_
  Negative Timing Check delay of signal "negedge D" is "157",
  which is larger than module path delay "145" 

the relevant timing check as below,
("/EDA_LIB/LIB/CBDK_IC_Contest_v2.5/Verilog/tsmc13_neg.v", 26816, $setuphold(negedge G &&& (SandR == 1'b1), negedge D,... ))


Warning-[SDFCOM_NTCDTL] NTC Delay is larger than ModPath Delay
/EDA_LIB/LIB/CBDK_IC_Contest_v2.5/Verilog/tsmc13_neg.v, 26810
instance: TESTBED.u_FIFO.sram_row_1__cell_q_reg_2_
  Negative Timing Check delay of signal "negedge D" is "157",
  which is larger than module path delay "145" 

the relevant timing check as below,
("/EDA_LIB/LIB/CBDK_IC_Contest_v2.5/Verilog/tsmc13_neg.v", 26816, $setuphold(
	negedge G &&& (SandR == 1'b1), negedge D,... ))


Warning-[SDFCOM_NTCDTL] NTC Delay is larger than ModPath Delay
/EDA_LIB/LIB/CBDK_IC_Contest_v2.5/Verilog/tsmc13_neg.v, 26810
instance: TESTBED.u_FIFO.sram_row_1__cell_q_reg_3_
  Negative Timing Check delay of signal "negedge D" is "157",
  which is larger than module path delay "145" 

the relevant timing check as below,
("/EDA_LIB/LIB/CBDK_IC_Contest_v2.5/Verilog/tsmc13_neg.v", 26816, $setuphold(negedge G &&& (SandR == 1'b1), 
	negedge D,... ))


Warning-[SDFCOM_NTCDTL] NTC Delay is larger than ModPath Delay
/EDA_LIB/LIB/CBDK_IC_Contest_v2.5/Verilog/tsmc13_neg.v, 26810
instance: TESTBED.u_FIFO.sram_row_1__cell_q_reg_4_
  Negative Timing Check delay of signal "negedge D" is "157",
  which is larger than module path delay "145" 

the relevant timing check as below,
("/EDA_LIB/LIB/CBDK_IC_Contest_v2.5/Verilog/tsmc13_neg.v", 26816, $setuphold(negedge G &&& (SandR == 1'b1), negedge D,... ))


Warning-[SDFCOM_NTCDTL] NTC Delay is larger than ModPath Delay
/EDA_LIB/LIB/CBDK_IC_Contest_v2.5/Verilog/tsmc13_neg.v, 26810
instance: TESTBED.u_FIFO.sram_row_1__cell_q_reg_5_
  Negative Timing Check delay of signal "negedge D" is "157",
  which is larger than module path delay "145" 

the relevant timing check as below,
("/EDA_LIB/LIB/CBDK_IC_Contest_v2.5/Verilog/tsmc13_neg.v", 26816, $setuphold(negedge G &&& (SandR == 
	1'b1), negedge D,... ))


Warning-[SDFCOM_NTCDTL] NTC Delay is larger than ModPath Delay
/EDA_LIB/LIB/CBDK_IC_Contest_v2.5/Verilog/tsmc13_neg.v, 26810
instance: TESTBED.u_FIFO.sram_row_1__cell_q_reg_6_
  Negative Timing Check delay of signal "negedge D" is "157",
  which is larger than module path delay "145" 

the relevant timing check as below,
("/EDA_LIB/LIB/CBDK_IC_Contest_v2.5/Verilog/tsmc13_neg.v", 26816, $setuphold(negedge G &&& (SandR == 1'b1), negedge D,... ))


Warning-[SDFCOM_NTCDTL] NTC Delay is larger than ModPath Delay
/EDA_LIB/LIB/CBDK_IC_Contest_v2.5/Verilog/tsmc13_neg.v, 26810
instance: TESTBED.u_FIFO.sram_row_1__cell_q_reg_7_
  Negative Timing Check delay of signal "negedge D" is "157",
  which is larger than module path delay "145" 

the relevant timing check as below,
("/EDA_LIB/LIB/CBDK_IC_Contest_v2.5/Verilog/tsmc13_neg.v", 26816, $setuphold(negedge G &&& (SandR
	== 1'b1), negedge D,... ))


Warning-[SDFCOM_NTCDTL] NTC Delay is larger than ModPath Delay
/EDA_LIB/LIB/CBDK_IC_Contest_v2.5/Verilog/tsmc13_neg.v, 26810
instance: TESTBED.u_FIFO.sram_row_20__cell_q_reg_0_
  Negative Timing Check delay of signal "negedge D" is "163",
  which is larger than module path delay "154" 

the relevant timing check as below,
("/EDA_LIB/LIB/CBDK_IC_Contest_v2.5/Verilog/tsmc13_neg.v", 26816, $setuphold(negedge G &&& (SandR == 1'b1), negedge D,... ))


Warning-[SDFCOM_NTCDTL] NTC Delay is larger than ModPath Delay
/EDA_LIB/LIB/CBDK_IC_Contest_v2.5/Verilog/tsmc13_neg.v, 26810
instance: TESTBED.u_FIFO.sram_row_20__cell_q_reg_1_
  Negative Timing Check delay of signal "negedge D" is "163",
  which is larger than module path delay "154" 

the relevant timing check as below,
("/EDA_LIB/LIB/CBDK_IC_Contest_v2.5/Verilog/tsmc13_neg.v", 26816, $setuphold(negedge G &&& (
	SandR == 1'b1), negedge D,... ))


Warning-[SDFCOM_NTCDTL] NTC Delay is larger than ModPath Delay
/EDA_LIB/LIB/CBDK_IC_Contest_v2.5/Verilog/tsmc13_neg.v, 26810
instance: TESTBED.u_FIFO.sram_row_20__cell_q_reg_2_
  Negative Timing Check delay of signal "negedge D" is "163",
  which is larger than module path delay "154" 

the relevant timing check as below,
("/EDA_LIB/LIB/CBDK_IC_Contest_v2.5/Verilog/tsmc13_neg.v", 26816, $setuphold(negedge G &&& (SandR == 1'b1), negedge D,... ))


Warning-[SDFCOM_NTCDTL] NTC Delay is larger than ModPath Delay
/EDA_LIB/LIB/CBDK_IC_Contest_v2.5/Verilog/tsmc13_neg.v, 26810
instance: TESTBED.u_FIFO.sram_row_20__cell_q_reg_3_
  Negative Timing Check delay of signal "negedge D" is "163",
  which is larger than module path delay "154" 

the relevant timing check as below,
("/EDA_LIB/LIB/CBDK_IC_Contest_v2.5/Verilog/tsmc13_neg.v", 26816, $setuphold(negedge G
	&&& (SandR == 1'b1), negedge D,... ))


Warning-[SDFCOM_NTCDTL] NTC Delay is larger than ModPath Delay
/EDA_LIB/LIB/CBDK_IC_Contest_v2.5/Verilog/tsmc13_neg.v, 26810
instance: TESTBED.u_FIFO.sram_row_20__cell_q_reg_4_
  Negative Timing Check delay of signal "negedge D" is "163",
  which is larger than module path delay "154" 

the relevant timing check as below,
("/EDA_LIB/LIB/CBDK_IC_Contest_v2.5/Verilog/tsmc13_neg.v", 26816, $setuphold(negedge G &&& (SandR == 1'b1), negedge D,... ))


Warning-[SDFCOM_NTCDTL] NTC Delay is larger than ModPath Delay
/EDA_LIB/LIB/CBDK_IC_Contest_v2.5/Verilog/tsmc13_neg.v, 26810
instance: TESTBED.u_FIFO.sram_row_20__cell_q_reg_5_
  Negative Timing Check delay of signal "negedge D" is "163",
  which is larger than module path delay "154" 

the relevant timing check as below,
("/EDA_LIB/LIB/CBDK_IC_Contest_v2.5/Verilog/tsmc13_neg.v", 26816, $setuphold(
	negedge G &&& (SandR == 1'b1), negedge D,... ))


Warning-[SDFCOM_NTCDTL] NTC Delay is larger than ModPath Delay
/EDA_LIB/LIB/CBDK_IC_Contest_v2.5/Verilog/tsmc13_neg.v, 26810
instance: TESTBED.u_FIFO.sram_row_20__cell_q_reg_6_
  Negative Timing Check delay of signal "negedge D" is "163",
  which is larger than module path delay "154" 

the relevant timing check as below,
("/EDA_LIB/LIB/CBDK_IC_Contest_v2.5/Verilog/tsmc13_neg.v", 26816, $setuphold(negedge G &&& (SandR == 1'b1), 
	negedge D,... ))


Warning-[SDFCOM_NTCDTL] NTC Delay is larger than ModPath Delay
/EDA_LIB/LIB/CBDK_IC_Contest_v2.5/Verilog/tsmc13_neg.v, 26810
instance: TESTBED.u_FIFO.sram_row_20__cell_q_reg_7_
  Negative Timing Check delay of signal "negedge D" is "163",
  which is larger than module path delay "154" 

the relevant timing check as below,
("/EDA_LIB/LIB/CBDK_IC_Contest_v2.5/Verilog/tsmc13_neg.v", 26816, $setuphold(negedge G &&& (SandR == 1'b1), negedge D,... ))


Warning-[SDFCOM_NTCDTL] NTC Delay is larger than ModPath Delay
/EDA_LIB/LIB/CBDK_IC_Contest_v2.5/Verilog/tsmc13_neg.v, 26810
instance: TESTBED.u_FIFO.sram_row_21__cell_q_reg_0_
  Negative Timing Check delay of signal "negedge D" is "163",
  which is larger than module path delay "157" 

the relevant timing check as below,
("/EDA_LIB/LIB/CBDK_IC_Contest_v2.5/Verilog/tsmc13_neg.v", 26816, $setuphold(negedge G &&& (SandR == 
	1'b1), negedge D,... ))


Warning-[SDFCOM_NTCDTL] NTC Delay is larger than ModPath Delay
/EDA_LIB/LIB/CBDK_IC_Contest_v2.5/Verilog/tsmc13_neg.v, 26810
instance: TESTBED.u_FIFO.sram_row_21__cell_q_reg_1_
  Negative Timing Check delay of signal "negedge D" is "163",
  which is larger than module path delay "157" 

the relevant timing check as below,
("/EDA_LIB/LIB/CBDK_IC_Contest_v2.5/Verilog/tsmc13_neg.v", 26816, $setuphold(negedge G &&& (SandR == 1'b1), negedge D,... ))


Warning-[SDFCOM_NTCDTL] NTC Delay is larger than ModPath Delay
/EDA_LIB/LIB/CBDK_IC_Contest_v2.5/Verilog/tsmc13_neg.v, 26810
instance: TESTBED.u_FIFO.sram_row_21__cell_q_reg_2_
  Negative Timing Check delay of signal "negedge D" is "163",
  which is larger than module path delay "157" 

the relevant timing check as below,
("/EDA_LIB/LIB/CBDK_IC_Contest_v2.5/Verilog/tsmc13_neg.v", 26816, $setuphold(negedge G &&& (SandR
	== 1'b1), negedge D,... ))


Warning-[SDFCOM_NTCDTL] NTC Delay is larger than ModPath Delay
/EDA_LIB/LIB/CBDK_IC_Contest_v2.5/Verilog/tsmc13_neg.v, 26810
instance: TESTBED.u_FIFO.sram_row_21__cell_q_reg_3_
  Negative Timing Check delay of signal "negedge D" is "163",
  which is larger than module path delay "157" 

the relevant timing check as below,
("/EDA_LIB/LIB/CBDK_IC_Contest_v2.5/Verilog/tsmc13_neg.v", 26816, $setuphold(negedge G &&& (SandR == 1'b1), negedge D,... ))


Warning-[SDFCOM_NTCDTL] NTC Delay is larger than ModPath Delay
/EDA_LIB/LIB/CBDK_IC_Contest_v2.5/Verilog/tsmc13_neg.v, 26810
instance: TESTBED.u_FIFO.sram_row_21__cell_q_reg_4_
  Negative Timing Check delay of signal "negedge D" is "163",
  which is larger than module path delay "157" 

the relevant timing check as below,
("/EDA_LIB/LIB/CBDK_IC_Contest_v2.5/Verilog/tsmc13_neg.v", 26816, $setuphold(negedge G &&& (
	SandR == 1'b1), negedge D,... ))


Warning-[SDFCOM_NTCDTL] NTC Delay is larger than ModPath Delay
/EDA_LIB/LIB/CBDK_IC_Contest_v2.5/Verilog/tsmc13_neg.v, 26810
instance: TESTBED.u_FIFO.sram_row_21__cell_q_reg_5_
  Negative Timing Check delay of signal "negedge D" is "163",
  which is larger than module path delay "157" 

the relevant timing check as below,
("/EDA_LIB/LIB/CBDK_IC_Contest_v2.5/Verilog/tsmc13_neg.v", 26816, $setuphold(negedge G &&& (SandR == 1'b1), negedge D,... ))


Warning-[SDFCOM_NTCDTL] NTC Delay is larger than ModPath Delay
/EDA_LIB/LIB/CBDK_IC_Contest_v2.5/Verilog/tsmc13_neg.v, 26810
instance: TESTBED.u_FIFO.sram_row_21__cell_q_reg_6_
  Negative Timing Check delay of signal "negedge D" is "163",
  which is larger than module path delay "157" 

the relevant timing check as below,
("/EDA_LIB/LIB/CBDK_IC_Contest_v2.5/Verilog/tsmc13_neg.v", 26816, $setuphold(negedge G
	&&& (SandR == 1'b1), negedge D,... ))


Warning-[SDFCOM_NTCDTL] NTC Delay is larger than ModPath Delay
/EDA_LIB/LIB/CBDK_IC_Contest_v2.5/Verilog/tsmc13_neg.v, 26810
instance: TESTBED.u_FIFO.sram_row_21__cell_q_reg_7_
  Negative Timing Check delay of signal "negedge D" is "163",
  which is larger than module path delay "157" 

the relevant timing check as below,
("/EDA_LIB/LIB/CBDK_IC_Contest_v2.5/Verilog/tsmc13_neg.v", 26816, $setuphold(negedge G &&& (SandR == 1'b1), negedge D,... ))


Warning-[SDFCOM_NTCDTL] NTC Delay is larger than ModPath Delay
/EDA_LIB/LIB/CBDK_IC_Contest_v2.5/Verilog/tsmc13_neg.v, 26810
instance: TESTBED.u_FIFO.sram_row_22__cell_q_reg_0_
  Negative Timing Check delay of signal "negedge D" is "163",
  which is larger than module path delay "162" 

the relevant timing check as below,
("/EDA_LIB/LIB/CBDK_IC_Contest_v2.5/Verilog/tsmc13_neg.v", 26816, $setuphold(
	negedge G &&& (SandR == 1'b1), negedge D,... ))


Warning-[SDFCOM_NTCDTL] NTC Delay is larger than ModPath Delay
/EDA_LIB/LIB/CBDK_IC_Contest_v2.5/Verilog/tsmc13_neg.v, 26810
instance: TESTBED.u_FIFO.sram_row_22__cell_q_reg_1_
  Negative Timing Check delay of signal "negedge D" is "163",
  which is larger than module path delay "162" 

the relevant timing check as below,
("/EDA_LIB/LIB/CBDK_IC_Contest_v2.5/Verilog/tsmc13_neg.v", 26816, $setuphold(negedge G &&& (SandR == 1'b1), 
	negedge D,... ))


Warning-[SDFCOM_NTCDTL] NTC Delay is larger than ModPath Delay
/EDA_LIB/LIB/CBDK_IC_Contest_v2.5/Verilog/tsmc13_neg.v, 26810
instance: TESTBED.u_FIFO.sram_row_22__cell_q_reg_2_
  Negative Timing Check delay of signal "negedge D" is "163",
  which is larger than module path delay "162" 

the relevant timing check as below,
("/EDA_LIB/LIB/CBDK_IC_Contest_v2.5/Verilog/tsmc13_neg.v", 26816, $setuphold(negedge G &&& (SandR == 1'b1), negedge D,... ))


Warning-[SDFCOM_NTCDTL] NTC Delay is larger than ModPath Delay
/EDA_LIB/LIB/CBDK_IC_Contest_v2.5/Verilog/tsmc13_neg.v, 26810
instance: TESTBED.u_FIFO.sram_row_22__cell_q_reg_3_
  Negative Timing Check delay of signal "negedge D" is "163",
  which is larger than module path delay "162" 

the relevant timing check as below,
("/EDA_LIB/LIB/CBDK_IC_Contest_v2.5/Verilog/tsmc13_neg.v", 26816, $setuphold(negedge G &&& (SandR == 
	1'b1), negedge D,... ))


Warning-[SDFCOM_NTCDTL] NTC Delay is larger than ModPath Delay
/EDA_LIB/LIB/CBDK_IC_Contest_v2.5/Verilog/tsmc13_neg.v, 26810
instance: TESTBED.u_FIFO.sram_row_22__cell_q_reg_4_
  Negative Timing Check delay of signal "negedge D" is "163",
  which is larger than module path delay "162" 

the relevant timing check as below,
("/EDA_LIB/LIB/CBDK_IC_Contest_v2.5/Verilog/tsmc13_neg.v", 26816, $setuphold(negedge G &&& (SandR == 1'b1), negedge D,... ))


Warning-[SDFCOM_NTCDTL] NTC Delay is larger than ModPath Delay
/EDA_LIB/LIB/CBDK_IC_Contest_v2.5/Verilog/tsmc13_neg.v, 26810
instance: TESTBED.u_FIFO.sram_row_22__cell_q_reg_5_
  Negative Timing Check delay of signal "negedge D" is "163",
  which is larger than module path delay "162" 

the relevant timing check as below,
("/EDA_LIB/LIB/CBDK_IC_Contest_v2.5/Verilog/tsmc13_neg.v", 26816, $setuphold(negedge G &&& (SandR
	== 1'b1), negedge D,... ))


Warning-[SDFCOM_NTCDTL] NTC Delay is larger than ModPath Delay
/EDA_LIB/LIB/CBDK_IC_Contest_v2.5/Verilog/tsmc13_neg.v, 26810
instance: TESTBED.u_FIFO.sram_row_22__cell_q_reg_6_
  Negative Timing Check delay of signal "negedge D" is "163",
  which is larger than module path delay "162" 

the relevant timing check as below,
("/EDA_LIB/LIB/CBDK_IC_Contest_v2.5/Verilog/tsmc13_neg.v", 26816, $setuphold(negedge G &&& (SandR == 1'b1), negedge D,... ))


Warning-[SDFCOM_NTCDTL] NTC Delay is larger than ModPath Delay
/EDA_LIB/LIB/CBDK_IC_Contest_v2.5/Verilog/tsmc13_neg.v, 26810
instance: TESTBED.u_FIFO.sram_row_22__cell_q_reg_7_
  Negative Timing Check delay of signal "negedge D" is "163",
  which is larger than module path delay "162" 

the relevant timing check as below,
("/EDA_LIB/LIB/CBDK_IC_Contest_v2.5/Verilog/tsmc13_neg.v", 26816, $setuphold(negedge G &&& (
	SandR == 1'b1), negedge D,... ))


Warning-[SDFCOM_NTCDTL] NTC Delay is larger than ModPath Delay
/EDA_LIB/LIB/CBDK_IC_Contest_v2.5/Verilog/tsmc13_neg.v, 26810
instance: TESTBED.u_FIFO.sram_row_23__cell_q_reg_0_
  Negative Timing Check delay of signal "negedge D" is "163",
  which is larger than module path delay "162" 

the relevant timing check as below,
("/EDA_LIB/LIB/CBDK_IC_Contest_v2.5/Verilog/tsmc13_neg.v", 26816, $setuphold(negedge G &&& (SandR == 1'b1), negedge D,... ))


Warning-[SDFCOM_NTCDTL] NTC Delay is larger than ModPath Delay
/EDA_LIB/LIB/CBDK_IC_Contest_v2.5/Verilog/tsmc13_neg.v, 26810
instance: TESTBED.u_FIFO.sram_row_23__cell_q_reg_1_
  Negative Timing Check delay of signal "negedge D" is "163",
  which is larger than module path delay "162" 

the relevant timing check as below,
("/EDA_LIB/LIB/CBDK_IC_Contest_v2.5/Verilog/tsmc13_neg.v", 26816, $setuphold(negedge G
	&&& (SandR == 1'b1), negedge D,... ))


Warning-[SDFCOM_NTCDTL] NTC Delay is larger than ModPath Delay
/EDA_LIB/LIB/CBDK_IC_Contest_v2.5/Verilog/tsmc13_neg.v, 26810
instance: TESTBED.u_FIFO.sram_row_23__cell_q_reg_2_
  Negative Timing Check delay of signal "negedge D" is "163",
  which is larger than module path delay "162" 

the relevant timing check as below,
("/EDA_LIB/LIB/CBDK_IC_Contest_v2.5/Verilog/tsmc13_neg.v", 26816, $setuphold(negedge G &&& (SandR == 1'b1), negedge D,... ))


Warning-[SDFCOM_NTCDTL] NTC Delay is larger than ModPath Delay
/EDA_LIB/LIB/CBDK_IC_Contest_v2.5/Verilog/tsmc13_neg.v, 26810
instance: TESTBED.u_FIFO.sram_row_23__cell_q_reg_3_
  Negative Timing Check delay of signal "negedge D" is "163",
  which is larger than module path delay "162" 

the relevant timing check as below,
("/EDA_LIB/LIB/CBDK_IC_Contest_v2.5/Verilog/tsmc13_neg.v", 26816, $setuphold(
	negedge G &&& (SandR == 1'b1), negedge D,... ))


Warning-[SDFCOM_NTCDTL] NTC Delay is larger than ModPath Delay
/EDA_LIB/LIB/CBDK_IC_Contest_v2.5/Verilog/tsmc13_neg.v, 26810
instance: TESTBED.u_FIFO.sram_row_23__cell_q_reg_4_
  Negative Timing Check delay of signal "negedge D" is "163",
  which is larger than module path delay "162" 

the relevant timing check as below,
("/EDA_LIB/LIB/CBDK_IC_Contest_v2.5/Verilog/tsmc13_neg.v", 26816, $setuphold(negedge G &&& (SandR == 1'b1), 
	negedge D,... ))


Warning-[SDFCOM_NTCDTL] NTC Delay is larger than ModPath Delay
/EDA_LIB/LIB/CBDK_IC_Contest_v2.5/Verilog/tsmc13_neg.v, 26810
instance: TESTBED.u_FIFO.sram_row_23__cell_q_reg_5_
  Negative Timing Check delay of signal "negedge D" is "163",
  which is larger than module path delay "162" 

the relevant timing check as below,
("/EDA_LIB/LIB/CBDK_IC_Contest_v2.5/Verilog/tsmc13_neg.v", 26816, $setuphold(negedge G &&& (SandR == 1'b1), negedge D,... ))


Warning-[SDFCOM_NTCDTL] NTC Delay is larger than ModPath Delay
/EDA_LIB/LIB/CBDK_IC_Contest_v2.5/Verilog/tsmc13_neg.v, 26810
instance: TESTBED.u_FIFO.sram_row_23__cell_q_reg_6_
  Negative Timing Check delay of signal "negedge D" is "163",
  which is larger than module path delay "162" 

the relevant timing check as below,
("/EDA_LIB/LIB/CBDK_IC_Contest_v2.5/Verilog/tsmc13_neg.v", 26816, $setuphold(negedge G &&& (SandR == 
	1'b1), negedge D,... ))


Warning-[SDFCOM_NTCDTL] NTC Delay is larger than ModPath Delay
/EDA_LIB/LIB/CBDK_IC_Contest_v2.5/Verilog/tsmc13_neg.v, 26810
instance: TESTBED.u_FIFO.sram_row_23__cell_q_reg_7_
  Negative Timing Check delay of signal "negedge D" is "163",
  which is larger than module path delay "162" 

the relevant timing check as below,
("/EDA_LIB/LIB/CBDK_IC_Contest_v2.5/Verilog/tsmc13_neg.v", 26816, $setuphold(negedge G &&& (SandR == 1'b1), negedge D,... ))


Warning-[SDFCOM_NTCDTL] NTC Delay is larger than ModPath Delay
/EDA_LIB/LIB/CBDK_IC_Contest_v2.5/Verilog/tsmc13_neg.v, 26810
instance: TESTBED.u_FIFO.sram_row_24__cell_q_reg_0_
  Negative Timing Check delay of signal "negedge D" is "163",
  which is larger than module path delay "154" 

the relevant timing check as below,
("/EDA_LIB/LIB/CBDK_IC_Contest_v2.5/Verilog/tsmc13_neg.v", 26816, $setuphold(negedge G &&& (SandR
	== 1'b1), negedge D,... ))


Warning-[SDFCOM_NTCDTL] NTC Delay is larger than ModPath Delay
/EDA_LIB/LIB/CBDK_IC_Contest_v2.5/Verilog/tsmc13_neg.v, 26810
instance: TESTBED.u_FIFO.sram_row_24__cell_q_reg_1_
  Negative Timing Check delay of signal "negedge D" is "163",
  which is larger than module path delay "154" 

the relevant timing check as below,
("/EDA_LIB/LIB/CBDK_IC_Contest_v2.5/Verilog/tsmc13_neg.v", 26816, $setuphold(negedge G &&& (SandR == 1'b1), negedge D,... ))


Warning-[SDFCOM_NTCDTL] NTC Delay is larger than ModPath Delay
/EDA_LIB/LIB/CBDK_IC_Contest_v2.5/Verilog/tsmc13_neg.v, 26810
instance: TESTBED.u_FIFO.sram_row_24__cell_q_reg_2_
  Negative Timing Check delay of signal "negedge D" is "163",
  which is larger than module path delay "154" 

the relevant timing check as below,
("/EDA_LIB/LIB/CBDK_IC_Contest_v2.5/Verilog/tsmc13_neg.v", 26816, $setuphold(negedge G &&& (
	SandR == 1'b1), negedge D,... ))


Warning-[SDFCOM_NTCDTL] NTC Delay is larger than ModPath Delay
/EDA_LIB/LIB/CBDK_IC_Contest_v2.5/Verilog/tsmc13_neg.v, 26810
instance: TESTBED.u_FIFO.sram_row_24__cell_q_reg_3_
  Negative Timing Check delay of signal "negedge D" is "163",
  which is larger than module path delay "154" 

the relevant timing check as below,
("/EDA_LIB/LIB/CBDK_IC_Contest_v2.5/Verilog/tsmc13_neg.v", 26816, $setuphold(negedge G &&& (SandR == 1'b1), negedge D,... ))


Warning-[SDFCOM_NTCDTL] NTC Delay is larger than ModPath Delay
/EDA_LIB/LIB/CBDK_IC_Contest_v2.5/Verilog/tsmc13_neg.v, 26810
instance: TESTBED.u_FIFO.sram_row_24__cell_q_reg_4_
  Negative Timing Check delay of signal "negedge D" is "163",
  which is larger than module path delay "154" 

the relevant timing check as below,
("/EDA_LIB/LIB/CBDK_IC_Contest_v2.5/Verilog/tsmc13_neg.v", 26816, $setuphold(negedge G
	&&& (SandR == 1'b1), negedge D,... ))


Warning-[SDFCOM_NTCDTL] NTC Delay is larger than ModPath Delay
/EDA_LIB/LIB/CBDK_IC_Contest_v2.5/Verilog/tsmc13_neg.v, 26810
instance: TESTBED.u_FIFO.sram_row_24__cell_q_reg_5_
  Negative Timing Check delay of signal "negedge D" is "163",
  which is larger than module path delay "154" 

the relevant timing check as below,
("/EDA_LIB/LIB/CBDK_IC_Contest_v2.5/Verilog/tsmc13_neg.v", 26816, $setuphold(negedge G &&& (SandR == 1'b1), negedge D,... ))


Warning-[SDFCOM_NTCDTL] NTC Delay is larger than ModPath Delay
/EDA_LIB/LIB/CBDK_IC_Contest_v2.5/Verilog/tsmc13_neg.v, 26810
instance: TESTBED.u_FIFO.sram_row_24__cell_q_reg_6_
  Negative Timing Check delay of signal "negedge D" is "163",
  which is larger than module path delay "154" 

the relevant timing check as below,
("/EDA_LIB/LIB/CBDK_IC_Contest_v2.5/Verilog/tsmc13_neg.v", 26816, $setuphold(
	negedge G &&& (SandR == 1'b1), negedge D,... ))


Warning-[SDFCOM_NTCDTL] NTC Delay is larger than ModPath Delay
/EDA_LIB/LIB/CBDK_IC_Contest_v2.5/Verilog/tsmc13_neg.v, 26810
instance: TESTBED.u_FIFO.sram_row_24__cell_q_reg_7_
  Negative Timing Check delay of signal "negedge D" is "163",
  which is larger than module path delay "154" 

the relevant timing check as below,
("/EDA_LIB/LIB/CBDK_IC_Contest_v2.5/Verilog/tsmc13_neg.v", 26816, $setuphold(negedge G &&& (SandR == 1'b1), 
	negedge D,... ))


Warning-[SDFCOM_NTCDTL] NTC Delay is larger than ModPath Delay
/EDA_LIB/LIB/CBDK_IC_Contest_v2.5/Verilog/tsmc13_neg.v, 26810
instance: TESTBED.u_FIFO.sram_row_25__cell_q_reg_0_
  Negative Timing Check delay of signal "negedge D" is "163",
  which is larger than module path delay "157" 

the relevant timing check as below,
("/EDA_LIB/LIB/CBDK_IC_Contest_v2.5/Verilog/tsmc13_neg.v", 26816, $setuphold(negedge G &&& (SandR == 1'b1), negedge D,... ))


Warning-[SDFCOM_NTCDTL] NTC Delay is larger than ModPath Delay
/EDA_LIB/LIB/CBDK_IC_Contest_v2.5/Verilog/tsmc13_neg.v, 26810
instance: TESTBED.u_FIFO.sram_row_25__cell_q_reg_1_
  Negative Timing Check delay of signal "negedge D" is "163",
  which is larger than module path delay "157" 

the relevant timing check as below,
("/EDA_LIB/LIB/CBDK_IC_Contest_v2.5/Verilog/tsmc13_neg.v", 26816, $setuphold(negedge G &&& (SandR == 
	1'b1), negedge D,... ))


Warning-[SDFCOM_NTCDTL] NTC Delay is larger than ModPath Delay
/EDA_LIB/LIB/CBDK_IC_Contest_v2.5/Verilog/tsmc13_neg.v, 26810
instance: TESTBED.u_FIFO.sram_row_25__cell_q_reg_2_
  Negative Timing Check delay of signal "negedge D" is "163",
  which is larger than module path delay "157" 

the relevant timing check as below,
("/EDA_LIB/LIB/CBDK_IC_Contest_v2.5/Verilog/tsmc13_neg.v", 26816, $setuphold(negedge G &&& (SandR == 1'b1), negedge D,... ))


Warning-[SDFCOM_NTCDTL] NTC Delay is larger than ModPath Delay
/EDA_LIB/LIB/CBDK_IC_Contest_v2.5/Verilog/tsmc13_neg.v, 26810
instance: TESTBED.u_FIFO.sram_row_25__cell_q_reg_3_
  Negative Timing Check delay of signal "negedge D" is "163",
  which is larger than module path delay "157" 

the relevant timing check as below,
("/EDA_LIB/LIB/CBDK_IC_Contest_v2.5/Verilog/tsmc13_neg.v", 26816, $setuphold(negedge G &&& (SandR
	== 1'b1), negedge D,... ))


Warning-[SDFCOM_NTCDTL] NTC Delay is larger than ModPath Delay
/EDA_LIB/LIB/CBDK_IC_Contest_v2.5/Verilog/tsmc13_neg.v, 26810
instance: TESTBED.u_FIFO.sram_row_25__cell_q_reg_4_
  Negative Timing Check delay of signal "negedge D" is "163",
  which is larger than module path delay "157" 

the relevant timing check as below,
("/EDA_LIB/LIB/CBDK_IC_Contest_v2.5/Verilog/tsmc13_neg.v", 26816, $setuphold(negedge G &&& (SandR == 1'b1), negedge D,... ))


Warning-[SDFCOM_NTCDTL] NTC Delay is larger than ModPath Delay
/EDA_LIB/LIB/CBDK_IC_Contest_v2.5/Verilog/tsmc13_neg.v, 26810
instance: TESTBED.u_FIFO.sram_row_25__cell_q_reg_5_
  Negative Timing Check delay of signal "negedge D" is "163",
  which is larger than module path delay "157" 

the relevant timing check as below,
("/EDA_LIB/LIB/CBDK_IC_Contest_v2.5/Verilog/tsmc13_neg.v", 26816, $setuphold(negedge G &&& (
	SandR == 1'b1), negedge D,... ))


Warning-[SDFCOM_NTCDTL] NTC Delay is larger than ModPath Delay
/EDA_LIB/LIB/CBDK_IC_Contest_v2.5/Verilog/tsmc13_neg.v, 26810
instance: TESTBED.u_FIFO.sram_row_25__cell_q_reg_6_
  Negative Timing Check delay of signal "negedge D" is "163",
  which is larger than module path delay "157" 

the relevant timing check as below,
("/EDA_LIB/LIB/CBDK_IC_Contest_v2.5/Verilog/tsmc13_neg.v", 26816, $setuphold(negedge G &&& (SandR == 1'b1), negedge D,... ))


Warning-[SDFCOM_NTCDTL] NTC Delay is larger than ModPath Delay
/EDA_LIB/LIB/CBDK_IC_Contest_v2.5/Verilog/tsmc13_neg.v, 26810
instance: TESTBED.u_FIFO.sram_row_25__cell_q_reg_7_
  Negative Timing Check delay of signal "negedge D" is "163",
  which is larger than module path delay "157" 

the relevant timing check as below,
("/EDA_LIB/LIB/CBDK_IC_Contest_v2.5/Verilog/tsmc13_neg.v", 26816, $setuphold(negedge G
	&&& (SandR == 1'b1), negedge D,... ))


Warning-[SDFCOM_NTCDTL] NTC Delay is larger than ModPath Delay
/EDA_LIB/LIB/CBDK_IC_Contest_v2.5/Verilog/tsmc13_neg.v, 26810
instance: TESTBED.u_FIFO.sram_row_26__cell_q_reg_0_
  Negative Timing Check delay of signal "negedge D" is "163",
  which is larger than module path delay "162" 

the relevant timing check as below,
("/EDA_LIB/LIB/CBDK_IC_Contest_v2.5/Verilog/tsmc13_neg.v", 26816, $setuphold(negedge G &&& (SandR == 1'b1), negedge D,... ))


Warning-[SDFCOM_NTCDTL] NTC Delay is larger than ModPath Delay
/EDA_LIB/LIB/CBDK_IC_Contest_v2.5/Verilog/tsmc13_neg.v, 26810
instance: TESTBED.u_FIFO.sram_row_26__cell_q_reg_1_
  Negative Timing Check delay of signal "negedge D" is "163",
  which is larger than module path delay "162" 

the relevant timing check as below,
("/EDA_LIB/LIB/CBDK_IC_Contest_v2.5/Verilog/tsmc13_neg.v", 26816, $setuphold(
	negedge G &&& (SandR == 1'b1), negedge D,... ))


Warning-[SDFCOM_NTCDTL] NTC Delay is larger than ModPath Delay
/EDA_LIB/LIB/CBDK_IC_Contest_v2.5/Verilog/tsmc13_neg.v, 26810
instance: TESTBED.u_FIFO.sram_row_26__cell_q_reg_2_
  Negative Timing Check delay of signal "negedge D" is "163",
  which is larger than module path delay "162" 

the relevant timing check as below,
("/EDA_LIB/LIB/CBDK_IC_Contest_v2.5/Verilog/tsmc13_neg.v", 26816, $setuphold(negedge G &&& (SandR == 1'b1), 
	negedge D,... ))


Warning-[SDFCOM_NTCDTL] NTC Delay is larger than ModPath Delay
/EDA_LIB/LIB/CBDK_IC_Contest_v2.5/Verilog/tsmc13_neg.v, 26810
instance: TESTBED.u_FIFO.sram_row_26__cell_q_reg_3_
  Negative Timing Check delay of signal "negedge D" is "163",
  which is larger than module path delay "162" 

the relevant timing check as below,
("/EDA_LIB/LIB/CBDK_IC_Contest_v2.5/Verilog/tsmc13_neg.v", 26816, $setuphold(negedge G &&& (SandR == 1'b1), negedge D,... ))


Warning-[SDFCOM_NTCDTL] NTC Delay is larger than ModPath Delay
/EDA_LIB/LIB/CBDK_IC_Contest_v2.5/Verilog/tsmc13_neg.v, 26810
instance: TESTBED.u_FIFO.sram_row_26__cell_q_reg_4_
  Negative Timing Check delay of signal "negedge D" is "163",
  which is larger than module path delay "162" 

the relevant timing check as below,
("/EDA_LIB/LIB/CBDK_IC_Contest_v2.5/Verilog/tsmc13_neg.v", 26816, $setuphold(negedge G &&& (SandR == 
	1'b1), negedge D,... ))


Warning-[SDFCOM_NTCDTL] NTC Delay is larger than ModPath Delay
/EDA_LIB/LIB/CBDK_IC_Contest_v2.5/Verilog/tsmc13_neg.v, 26810
instance: TESTBED.u_FIFO.sram_row_26__cell_q_reg_5_
  Negative Timing Check delay of signal "negedge D" is "163",
  which is larger than module path delay "162" 

the relevant timing check as below,
("/EDA_LIB/LIB/CBDK_IC_Contest_v2.5/Verilog/tsmc13_neg.v", 26816, $setuphold(negedge G &&& (SandR == 1'b1), negedge D,... ))


Warning-[SDFCOM_NTCDTL] NTC Delay is larger than ModPath Delay
/EDA_LIB/LIB/CBDK_IC_Contest_v2.5/Verilog/tsmc13_neg.v, 26810
instance: TESTBED.u_FIFO.sram_row_26__cell_q_reg_6_
  Negative Timing Check delay of signal "negedge D" is "163",
  which is larger than module path delay "162" 

the relevant timing check as below,
("/EDA_LIB/LIB/CBDK_IC_Contest_v2.5/Verilog/tsmc13_neg.v", 26816, $setuphold(negedge G &&& (SandR
	== 1'b1), negedge D,... ))


Warning-[SDFCOM_NTCDTL] NTC Delay is larger than ModPath Delay
/EDA_LIB/LIB/CBDK_IC_Contest_v2.5/Verilog/tsmc13_neg.v, 26810
instance: TESTBED.u_FIFO.sram_row_26__cell_q_reg_7_
  Negative Timing Check delay of signal "negedge D" is "163",
  which is larger than module path delay "162" 

the relevant timing check as below,
("/EDA_LIB/LIB/CBDK_IC_Contest_v2.5/Verilog/tsmc13_neg.v", 26816, $setuphold(negedge G &&& (SandR == 1'b1), negedge D,... ))


Warning-[SDFCOM_NTCDTL] NTC Delay is larger than ModPath Delay
/EDA_LIB/LIB/CBDK_IC_Contest_v2.5/Verilog/tsmc13_neg.v, 26810
instance: TESTBED.u_FIFO.sram_row_27__cell_q_reg_0_
  Negative Timing Check delay of signal "negedge D" is "163",
  which is larger than module path delay "162" 

the relevant timing check as below,
("/EDA_LIB/LIB/CBDK_IC_Contest_v2.5/Verilog/tsmc13_neg.v", 26816, $setuphold(negedge G &&& (
	SandR == 1'b1), negedge D,... ))


Warning-[SDFCOM_NTCDTL] NTC Delay is larger than ModPath Delay
/EDA_LIB/LIB/CBDK_IC_Contest_v2.5/Verilog/tsmc13_neg.v, 26810
instance: TESTBED.u_FIFO.sram_row_27__cell_q_reg_1_
  Negative Timing Check delay of signal "negedge D" is "163",
  which is larger than module path delay "162" 

the relevant timing check as below,
("/EDA_LIB/LIB/CBDK_IC_Contest_v2.5/Verilog/tsmc13_neg.v", 26816, $setuphold(negedge G &&& (SandR == 1'b1), negedge D,... ))


Warning-[SDFCOM_NTCDTL] NTC Delay is larger than ModPath Delay
/EDA_LIB/LIB/CBDK_IC_Contest_v2.5/Verilog/tsmc13_neg.v, 26810
instance: TESTBED.u_FIFO.sram_row_27__cell_q_reg_2_
  Negative Timing Check delay of signal "negedge D" is "163",
  which is larger than module path delay "162" 

the relevant timing check as below,
("/EDA_LIB/LIB/CBDK_IC_Contest_v2.5/Verilog/tsmc13_neg.v", 26816, $setuphold(negedge G
	&&& (SandR == 1'b1), negedge D,... ))


Warning-[SDFCOM_NTCDTL] NTC Delay is larger than ModPath Delay
/EDA_LIB/LIB/CBDK_IC_Contest_v2.5/Verilog/tsmc13_neg.v, 26810
instance: TESTBED.u_FIFO.sram_row_27__cell_q_reg_3_
  Negative Timing Check delay of signal "negedge D" is "163",
  which is larger than module path delay "162" 

the relevant timing check as below,
("/EDA_LIB/LIB/CBDK_IC_Contest_v2.5/Verilog/tsmc13_neg.v", 26816, $setuphold(negedge G &&& (SandR == 1'b1), negedge D,... ))


Warning-[SDFCOM_NTCDTL] NTC Delay is larger than ModPath Delay
/EDA_LIB/LIB/CBDK_IC_Contest_v2.5/Verilog/tsmc13_neg.v, 26810
instance: TESTBED.u_FIFO.sram_row_27__cell_q_reg_4_
  Negative Timing Check delay of signal "negedge D" is "163",
  which is larger than module path delay "162" 

the relevant timing check as below,
("/EDA_LIB/LIB/CBDK_IC_Contest_v2.5/Verilog/tsmc13_neg.v", 26816, $setuphold(
	negedge G &&& (SandR == 1'b1), negedge D,... ))


Warning-[SDFCOM_NTCDTL] NTC Delay is larger than ModPath Delay
/EDA_LIB/LIB/CBDK_IC_Contest_v2.5/Verilog/tsmc13_neg.v, 26810
instance: TESTBED.u_FIFO.sram_row_27__cell_q_reg_5_
  Negative Timing Check delay of signal "negedge D" is "163",
  which is larger than module path delay "162" 

the relevant timing check as below,
("/EDA_LIB/LIB/CBDK_IC_Contest_v2.5/Verilog/tsmc13_neg.v", 26816, $setuphold(negedge G &&& (SandR == 1'b1), 
	negedge D,... ))


Warning-[SDFCOM_NTCDTL] NTC Delay is larger than ModPath Delay
/EDA_LIB/LIB/CBDK_IC_Contest_v2.5/Verilog/tsmc13_neg.v, 26810
instance: TESTBED.u_FIFO.sram_row_27__cell_q_reg_6_
  Negative Timing Check delay of signal "negedge D" is "163",
  which is larger than module path delay "162" 

the relevant timing check as below,
("/EDA_LIB/LIB/CBDK_IC_Contest_v2.5/Verilog/tsmc13_neg.v", 26816, $setuphold(negedge G &&& (SandR == 1'b1), negedge D,... ))


Warning-[SDFCOM_NTCDTL] NTC Delay is larger than ModPath Delay
/EDA_LIB/LIB/CBDK_IC_Contest_v2.5/Verilog/tsmc13_neg.v, 26810
instance: TESTBED.u_FIFO.sram_row_27__cell_q_reg_7_
  Negative Timing Check delay of signal "negedge D" is "163",
  which is larger than module path delay "162" 

the relevant timing check as below,
("/EDA_LIB/LIB/CBDK_IC_Contest_v2.5/Verilog/tsmc13_neg.v", 26816, $setuphold(negedge G &&& (SandR == 
	1'b1), negedge D,... ))


Warning-[SDFCOM_NTCDTL] NTC Delay is larger than ModPath Delay
/EDA_LIB/LIB/CBDK_IC_Contest_v2.5/Verilog/tsmc13_neg.v, 26810
instance: TESTBED.u_FIFO.sram_row_28__cell_q_reg_0_
  Negative Timing Check delay of signal "negedge D" is "163",
  which is larger than module path delay "154" 

the relevant timing check as below,
("/EDA_LIB/LIB/CBDK_IC_Contest_v2.5/Verilog/tsmc13_neg.v", 26816, $setuphold(negedge G &&& (SandR == 1'b1), negedge D,... ))


Warning-[SDFCOM_NTCDTL] NTC Delay is larger than ModPath Delay
/EDA_LIB/LIB/CBDK_IC_Contest_v2.5/Verilog/tsmc13_neg.v, 26810
instance: TESTBED.u_FIFO.sram_row_28__cell_q_reg_1_
  Negative Timing Check delay of signal "negedge D" is "163",
  which is larger than module path delay "154" 

the relevant timing check as below,
("/EDA_LIB/LIB/CBDK_IC_Contest_v2.5/Verilog/tsmc13_neg.v", 26816, $setuphold(negedge G &&& (SandR
	== 1'b1), negedge D,... ))


Warning-[SDFCOM_NTCDTL] NTC Delay is larger than ModPath Delay
/EDA_LIB/LIB/CBDK_IC_Contest_v2.5/Verilog/tsmc13_neg.v, 26810
instance: TESTBED.u_FIFO.sram_row_28__cell_q_reg_2_
  Negative Timing Check delay of signal "negedge D" is "163",
  which is larger than module path delay "154" 

the relevant timing check as below,
("/EDA_LIB/LIB/CBDK_IC_Contest_v2.5/Verilog/tsmc13_neg.v", 26816, $setuphold(negedge G &&& (SandR == 1'b1), negedge D,... ))


Warning-[SDFCOM_NTCDTL] NTC Delay is larger than ModPath Delay
/EDA_LIB/LIB/CBDK_IC_Contest_v2.5/Verilog/tsmc13_neg.v, 26810
instance: TESTBED.u_FIFO.sram_row_28__cell_q_reg_3_
  Negative Timing Check delay of signal "negedge D" is "163",
  which is larger than module path delay "154" 

the relevant timing check as below,
("/EDA_LIB/LIB/CBDK_IC_Contest_v2.5/Verilog/tsmc13_neg.v", 26816, $setuphold(negedge G &&& (
	SandR == 1'b1), negedge D,... ))


Warning-[SDFCOM_NTCDTL] NTC Delay is larger than ModPath Delay
/EDA_LIB/LIB/CBDK_IC_Contest_v2.5/Verilog/tsmc13_neg.v, 26810
instance: TESTBED.u_FIFO.sram_row_28__cell_q_reg_4_
  Negative Timing Check delay of signal "negedge D" is "163",
  which is larger than module path delay "154" 

the relevant timing check as below,
("/EDA_LIB/LIB/CBDK_IC_Contest_v2.5/Verilog/tsmc13_neg.v", 26816, $setuphold(negedge G &&& (SandR == 1'b1), negedge D,... ))


Warning-[SDFCOM_NTCDTL] NTC Delay is larger than ModPath Delay
/EDA_LIB/LIB/CBDK_IC_Contest_v2.5/Verilog/tsmc13_neg.v, 26810
instance: TESTBED.u_FIFO.sram_row_28__cell_q_reg_5_
  Negative Timing Check delay of signal "negedge D" is "163",
  which is larger than module path delay "154" 

the relevant timing check as below,
("/EDA_LIB/LIB/CBDK_IC_Contest_v2.5/Verilog/tsmc13_neg.v", 26816, $setuphold(negedge G
	&&& (SandR == 1'b1), negedge D,... ))


Warning-[SDFCOM_NTCDTL] NTC Delay is larger than ModPath Delay
/EDA_LIB/LIB/CBDK_IC_Contest_v2.5/Verilog/tsmc13_neg.v, 26810
instance: TESTBED.u_FIFO.sram_row_28__cell_q_reg_6_
  Negative Timing Check delay of signal "negedge D" is "163",
  which is larger than module path delay "154" 

the relevant timing check as below,
("/EDA_LIB/LIB/CBDK_IC_Contest_v2.5/Verilog/tsmc13_neg.v", 26816, $setuphold(negedge G &&& (SandR == 1'b1), negedge D,... ))


Warning-[SDFCOM_NTCDTL] NTC Delay is larger than ModPath Delay
/EDA_LIB/LIB/CBDK_IC_Contest_v2.5/Verilog/tsmc13_neg.v, 26810
instance: TESTBED.u_FIFO.sram_row_28__cell_q_reg_7_
  Negative Timing Check delay of signal "negedge D" is "163",
  which is larger than module path delay "154" 

the relevant timing check as below,
("/EDA_LIB/LIB/CBDK_IC_Contest_v2.5/Verilog/tsmc13_neg.v", 26816, $setuphold(
	negedge G &&& (SandR == 1'b1), negedge D,... ))


Warning-[SDFCOM_NTCDTL] NTC Delay is larger than ModPath Delay
/EDA_LIB/LIB/CBDK_IC_Contest_v2.5/Verilog/tsmc13_neg.v, 26810
instance: TESTBED.u_FIFO.sram_row_29__cell_q_reg_0_
  Negative Timing Check delay of signal "negedge D" is "163",
  which is larger than module path delay "157" 

the relevant timing check as below,
("/EDA_LIB/LIB/CBDK_IC_Contest_v2.5/Verilog/tsmc13_neg.v", 26816, $setuphold(negedge G &&& (SandR == 1'b1), 
	negedge D,... ))


Warning-[SDFCOM_NTCDTL] NTC Delay is larger than ModPath Delay
/EDA_LIB/LIB/CBDK_IC_Contest_v2.5/Verilog/tsmc13_neg.v, 26810
instance: TESTBED.u_FIFO.sram_row_29__cell_q_reg_1_
  Negative Timing Check delay of signal "negedge D" is "163",
  which is larger than module path delay "157" 

the relevant timing check as below,
("/EDA_LIB/LIB/CBDK_IC_Contest_v2.5/Verilog/tsmc13_neg.v", 26816, $setuphold(negedge G &&& (SandR == 1'b1), negedge D,... ))


Warning-[SDFCOM_NTCDTL] NTC Delay is larger than ModPath Delay
/EDA_LIB/LIB/CBDK_IC_Contest_v2.5/Verilog/tsmc13_neg.v, 26810
instance: TESTBED.u_FIFO.sram_row_29__cell_q_reg_2_
  Negative Timing Check delay of signal "negedge D" is "163",
  which is larger than module path delay "157" 

the relevant timing check as below,
("/EDA_LIB/LIB/CBDK_IC_Contest_v2.5/Verilog/tsmc13_neg.v", 26816, $setuphold(negedge G &&& (SandR == 
	1'b1), negedge D,... ))


Warning-[SDFCOM_NTCDTL] NTC Delay is larger than ModPath Delay
/EDA_LIB/LIB/CBDK_IC_Contest_v2.5/Verilog/tsmc13_neg.v, 26810
instance: TESTBED.u_FIFO.sram_row_29__cell_q_reg_3_
  Negative Timing Check delay of signal "negedge D" is "163",
  which is larger than module path delay "157" 

the relevant timing check as below,
("/EDA_LIB/LIB/CBDK_IC_Contest_v2.5/Verilog/tsmc13_neg.v", 26816, $setuphold(negedge G &&& (SandR == 1'b1), negedge D,... ))


Warning-[SDFCOM_NTCDTL] NTC Delay is larger than ModPath Delay
/EDA_LIB/LIB/CBDK_IC_Contest_v2.5/Verilog/tsmc13_neg.v, 26810
instance: TESTBED.u_FIFO.sram_row_29__cell_q_reg_4_
  Negative Timing Check delay of signal "negedge D" is "163",
  which is larger than module path delay "157" 

the relevant timing check as below,
("/EDA_LIB/LIB/CBDK_IC_Contest_v2.5/Verilog/tsmc13_neg.v", 26816, $setuphold(negedge G &&& (SandR
	== 1'b1), negedge D,... ))


Warning-[SDFCOM_NTCDTL] NTC Delay is larger than ModPath Delay
/EDA_LIB/LIB/CBDK_IC_Contest_v2.5/Verilog/tsmc13_neg.v, 26810
instance: TESTBED.u_FIFO.sram_row_29__cell_q_reg_5_
  Negative Timing Check delay of signal "negedge D" is "163",
  which is larger than module path delay "157" 

the relevant timing check as below,
("/EDA_LIB/LIB/CBDK_IC_Contest_v2.5/Verilog/tsmc13_neg.v", 26816, $setuphold(negedge G &&& (SandR == 1'b1), negedge D,... ))


Warning-[SDFCOM_NTCDTL] NTC Delay is larger than ModPath Delay
/EDA_LIB/LIB/CBDK_IC_Contest_v2.5/Verilog/tsmc13_neg.v, 26810
instance: TESTBED.u_FIFO.sram_row_29__cell_q_reg_6_
  Negative Timing Check delay of signal "negedge D" is "163",
  which is larger than module path delay "157" 

the relevant timing check as below,
("/EDA_LIB/LIB/CBDK_IC_Contest_v2.5/Verilog/tsmc13_neg.v", 26816, $setuphold(negedge G &&& (
	SandR == 1'b1), negedge D,... ))


Warning-[SDFCOM_NTCDTL] NTC Delay is larger than ModPath Delay
/EDA_LIB/LIB/CBDK_IC_Contest_v2.5/Verilog/tsmc13_neg.v, 26810
instance: TESTBED.u_FIFO.sram_row_29__cell_q_reg_7_
  Negative Timing Check delay of signal "negedge D" is "163",
  which is larger than module path delay "157" 

the relevant timing check as below,
("/EDA_LIB/LIB/CBDK_IC_Contest_v2.5/Verilog/tsmc13_neg.v", 26816, $setuphold(negedge G &&& (SandR == 1'b1), negedge D,... ))


Warning-[SDFCOM_NTCDTL] NTC Delay is larger than ModPath Delay
/EDA_LIB/LIB/CBDK_IC_Contest_v2.5/Verilog/tsmc13_neg.v, 26810
instance: TESTBED.u_FIFO.sram_row_2__cell_q_reg_0_
  Negative Timing Check delay of signal "negedge D" is "157",
  which is larger than module path delay "150" 

the relevant timing check as below,
("/EDA_LIB/LIB/CBDK_IC_Contest_v2.5/Verilog/tsmc13_neg.v", 26816, $setuphold(negedge G
	&&& (SandR == 1'b1), negedge D,... ))


Warning-[SDFCOM_NTCDTL] NTC Delay is larger than ModPath Delay
/EDA_LIB/LIB/CBDK_IC_Contest_v2.5/Verilog/tsmc13_neg.v, 26810
instance: TESTBED.u_FIFO.sram_row_2__cell_q_reg_1_
  Negative Timing Check delay of signal "negedge D" is "157",
  which is larger than module path delay "150" 

the relevant timing check as below,
("/EDA_LIB/LIB/CBDK_IC_Contest_v2.5/Verilog/tsmc13_neg.v", 26816, $setuphold(negedge G &&& (SandR == 1'b1), negedge D,... ))


Warning-[SDFCOM_NTCDTL] NTC Delay is larger than ModPath Delay
/EDA_LIB/LIB/CBDK_IC_Contest_v2.5/Verilog/tsmc13_neg.v, 26810
instance: TESTBED.u_FIFO.sram_row_2__cell_q_reg_2_
  Negative Timing Check delay of signal "negedge D" is "157",
  which is larger than module path delay "150" 

the relevant timing check as below,
("/EDA_LIB/LIB/CBDK_IC_Contest_v2.5/Verilog/tsmc13_neg.v", 26816, $setuphold(
	negedge G &&& (SandR == 1'b1), negedge D,... ))


Warning-[SDFCOM_NTCDTL] NTC Delay is larger than ModPath Delay
/EDA_LIB/LIB/CBDK_IC_Contest_v2.5/Verilog/tsmc13_neg.v, 26810
instance: TESTBED.u_FIFO.sram_row_2__cell_q_reg_3_
  Negative Timing Check delay of signal "negedge D" is "157",
  which is larger than module path delay "150" 

the relevant timing check as below,
("/EDA_LIB/LIB/CBDK_IC_Contest_v2.5/Verilog/tsmc13_neg.v", 26816, $setuphold(negedge G &&& (SandR == 1'b1), 
	negedge D,... ))


Warning-[SDFCOM_NTCDTL] NTC Delay is larger than ModPath Delay
/EDA_LIB/LIB/CBDK_IC_Contest_v2.5/Verilog/tsmc13_neg.v, 26810
instance: TESTBED.u_FIFO.sram_row_2__cell_q_reg_4_
  Negative Timing Check delay of signal "negedge D" is "157",
  which is larger than module path delay "150" 

the relevant timing check as below,
("/EDA_LIB/LIB/CBDK_IC_Contest_v2.5/Verilog/tsmc13_neg.v", 26816, $setuphold(negedge G &&& (SandR == 1'b1), negedge D,... ))


Warning-[SDFCOM_NTCDTL] NTC Delay is larger than ModPath Delay
/EDA_LIB/LIB/CBDK_IC_Contest_v2.5/Verilog/tsmc13_neg.v, 26810
instance: TESTBED.u_FIFO.sram_row_2__cell_q_reg_5_
  Negative Timing Check delay of signal "negedge D" is "157",
  which is larger than module path delay "150" 

the relevant timing check as below,
("/EDA_LIB/LIB/CBDK_IC_Contest_v2.5/Verilog/tsmc13_neg.v", 26816, $setuphold(negedge G &&& (SandR == 
	1'b1), negedge D,... ))


Warning-[SDFCOM_NTCDTL] NTC Delay is larger than ModPath Delay
/EDA_LIB/LIB/CBDK_IC_Contest_v2.5/Verilog/tsmc13_neg.v, 26810
instance: TESTBED.u_FIFO.sram_row_2__cell_q_reg_6_
  Negative Timing Check delay of signal "negedge D" is "157",
  which is larger than module path delay "150" 

the relevant timing check as below,
("/EDA_LIB/LIB/CBDK_IC_Contest_v2.5/Verilog/tsmc13_neg.v", 26816, $setuphold(negedge G &&& (SandR == 1'b1), negedge D,... ))


Warning-[SDFCOM_NTCDTL] NTC Delay is larger than ModPath Delay
/EDA_LIB/LIB/CBDK_IC_Contest_v2.5/Verilog/tsmc13_neg.v, 26810
instance: TESTBED.u_FIFO.sram_row_2__cell_q_reg_7_
  Negative Timing Check delay of signal "negedge D" is "157",
  which is larger than module path delay "150" 

the relevant timing check as below,
("/EDA_LIB/LIB/CBDK_IC_Contest_v2.5/Verilog/tsmc13_neg.v", 26816, $setuphold(negedge G &&& (SandR
	== 1'b1), negedge D,... ))


Warning-[SDFCOM_NTCDTL] NTC Delay is larger than ModPath Delay
/EDA_LIB/LIB/CBDK_IC_Contest_v2.5/Verilog/tsmc13_neg.v, 26810
instance: TESTBED.u_FIFO.sram_row_30__cell_q_reg_0_
  Negative Timing Check delay of signal "negedge D" is "163",
  which is larger than module path delay "162" 

the relevant timing check as below,
("/EDA_LIB/LIB/CBDK_IC_Contest_v2.5/Verilog/tsmc13_neg.v", 26816, $setuphold(negedge G &&& (SandR == 1'b1), negedge D,... ))


Warning-[SDFCOM_NTCDTL] NTC Delay is larger than ModPath Delay
/EDA_LIB/LIB/CBDK_IC_Contest_v2.5/Verilog/tsmc13_neg.v, 26810
instance: TESTBED.u_FIFO.sram_row_30__cell_q_reg_1_
  Negative Timing Check delay of signal "negedge D" is "163",
  which is larger than module path delay "162" 

the relevant timing check as below,
("/EDA_LIB/LIB/CBDK_IC_Contest_v2.5/Verilog/tsmc13_neg.v", 26816, $setuphold(negedge G &&& (
	SandR == 1'b1), negedge D,... ))


Warning-[SDFCOM_NTCDTL] NTC Delay is larger than ModPath Delay
/EDA_LIB/LIB/CBDK_IC_Contest_v2.5/Verilog/tsmc13_neg.v, 26810
instance: TESTBED.u_FIFO.sram_row_30__cell_q_reg_2_
  Negative Timing Check delay of signal "negedge D" is "163",
  which is larger than module path delay "162" 

the relevant timing check as below,
("/EDA_LIB/LIB/CBDK_IC_Contest_v2.5/Verilog/tsmc13_neg.v", 26816, $setuphold(negedge G &&& (SandR == 1'b1), negedge D,... ))


Warning-[SDFCOM_NTCDTL] NTC Delay is larger than ModPath Delay
/EDA_LIB/LIB/CBDK_IC_Contest_v2.5/Verilog/tsmc13_neg.v, 26810
instance: TESTBED.u_FIFO.sram_row_30__cell_q_reg_3_
  Negative Timing Check delay of signal "negedge D" is "163",
  which is larger than module path delay "162" 

the relevant timing check as below,
("/EDA_LIB/LIB/CBDK_IC_Contest_v2.5/Verilog/tsmc13_neg.v", 26816, $setuphold(negedge G
	&&& (SandR == 1'b1), negedge D,... ))


Warning-[SDFCOM_NTCDTL] NTC Delay is larger than ModPath Delay
/EDA_LIB/LIB/CBDK_IC_Contest_v2.5/Verilog/tsmc13_neg.v, 26810
instance: TESTBED.u_FIFO.sram_row_30__cell_q_reg_4_
  Negative Timing Check delay of signal "negedge D" is "163",
  which is larger than module path delay "162" 

the relevant timing check as below,
("/EDA_LIB/LIB/CBDK_IC_Contest_v2.5/Verilog/tsmc13_neg.v", 26816, $setuphold(negedge G &&& (SandR == 1'b1), negedge D,... ))


Warning-[SDFCOM_NTCDTL] NTC Delay is larger than ModPath Delay
/EDA_LIB/LIB/CBDK_IC_Contest_v2.5/Verilog/tsmc13_neg.v, 26810
instance: TESTBED.u_FIFO.sram_row_30__cell_q_reg_5_
  Negative Timing Check delay of signal "negedge D" is "163",
  which is larger than module path delay "162" 

the relevant timing check as below,
("/EDA_LIB/LIB/CBDK_IC_Contest_v2.5/Verilog/tsmc13_neg.v", 26816, $setuphold(
	negedge G &&& (SandR == 1'b1), negedge D,... ))


Warning-[SDFCOM_NTCDTL] NTC Delay is larger than ModPath Delay
/EDA_LIB/LIB/CBDK_IC_Contest_v2.5/Verilog/tsmc13_neg.v, 26810
instance: TESTBED.u_FIFO.sram_row_30__cell_q_reg_6_
  Negative Timing Check delay of signal "negedge D" is "163",
  which is larger than module path delay "162" 

the relevant timing check as below,
("/EDA_LIB/LIB/CBDK_IC_Contest_v2.5/Verilog/tsmc13_neg.v", 26816, $setuphold(negedge G &&& (SandR == 1'b1), 
	negedge D,... ))


Warning-[SDFCOM_NTCDTL] NTC Delay is larger than ModPath Delay
/EDA_LIB/LIB/CBDK_IC_Contest_v2.5/Verilog/tsmc13_neg.v, 26810
instance: TESTBED.u_FIFO.sram_row_30__cell_q_reg_7_
  Negative Timing Check delay of signal "negedge D" is "163",
  which is larger than module path delay "162" 

the relevant timing check as below,
("/EDA_LIB/LIB/CBDK_IC_Contest_v2.5/Verilog/tsmc13_neg.v", 26816, $setuphold(negedge G &&& (SandR == 1'b1), negedge D,... ))


Warning-[SDFCOM_NTCDTL] NTC Delay is larger than ModPath Delay
/EDA_LIB/LIB/CBDK_IC_Contest_v2.5/Verilog/tsmc13_neg.v, 26810
instance: TESTBED.u_FIFO.sram_row_31__cell_q_reg_0_
  Negative Timing Check delay of signal "negedge D" is "163",
  which is larger than module path delay "162" 

the relevant timing check as below,
("/EDA_LIB/LIB/CBDK_IC_Contest_v2.5/Verilog/tsmc13_neg.v", 26816, $setuphold(negedge G &&& (SandR == 
	1'b1), negedge D,... ))


Warning-[SDFCOM_NTCDTL] NTC Delay is larger than ModPath Delay
/EDA_LIB/LIB/CBDK_IC_Contest_v2.5/Verilog/tsmc13_neg.v, 26810
instance: TESTBED.u_FIFO.sram_row_31__cell_q_reg_1_
  Negative Timing Check delay of signal "negedge D" is "163",
  which is larger than module path delay "162" 

the relevant timing check as below,
("/EDA_LIB/LIB/CBDK_IC_Contest_v2.5/Verilog/tsmc13_neg.v", 26816, $setuphold(negedge G &&& (SandR == 1'b1), negedge D,... ))


Warning-[SDFCOM_NTCDTL] NTC Delay is larger than ModPath Delay
/EDA_LIB/LIB/CBDK_IC_Contest_v2.5/Verilog/tsmc13_neg.v, 26810
instance: TESTBED.u_FIFO.sram_row_31__cell_q_reg_2_
  Negative Timing Check delay of signal "negedge D" is "163",
  which is larger than module path delay "162" 

the relevant timing check as below,
("/EDA_LIB/LIB/CBDK_IC_Contest_v2.5/Verilog/tsmc13_neg.v", 26816, $setuphold(negedge G &&& (SandR
	== 1'b1), negedge D,... ))


Warning-[SDFCOM_NTCDTL] NTC Delay is larger than ModPath Delay
/EDA_LIB/LIB/CBDK_IC_Contest_v2.5/Verilog/tsmc13_neg.v, 26810
instance: TESTBED.u_FIFO.sram_row_31__cell_q_reg_3_
  Negative Timing Check delay of signal "negedge D" is "163",
  which is larger than module path delay "162" 

the relevant timing check as below,
("/EDA_LIB/LIB/CBDK_IC_Contest_v2.5/Verilog/tsmc13_neg.v", 26816, $setuphold(negedge G &&& (SandR == 1'b1), negedge D,... ))


Warning-[SDFCOM_NTCDTL] NTC Delay is larger than ModPath Delay
/EDA_LIB/LIB/CBDK_IC_Contest_v2.5/Verilog/tsmc13_neg.v, 26810
instance: TESTBED.u_FIFO.sram_row_31__cell_q_reg_4_
  Negative Timing Check delay of signal "negedge D" is "163",
  which is larger than module path delay "162" 

the relevant timing check as below,
("/EDA_LIB/LIB/CBDK_IC_Contest_v2.5/Verilog/tsmc13_neg.v", 26816, $setuphold(negedge G &&& (
	SandR == 1'b1), negedge D,... ))


Warning-[SDFCOM_NTCDTL] NTC Delay is larger than ModPath Delay
/EDA_LIB/LIB/CBDK_IC_Contest_v2.5/Verilog/tsmc13_neg.v, 26810
instance: TESTBED.u_FIFO.sram_row_31__cell_q_reg_5_
  Negative Timing Check delay of signal "negedge D" is "163",
  which is larger than module path delay "162" 

the relevant timing check as below,
("/EDA_LIB/LIB/CBDK_IC_Contest_v2.5/Verilog/tsmc13_neg.v", 26816, $setuphold(negedge G &&& (SandR == 1'b1), negedge D,... ))


Warning-[SDFCOM_NTCDTL] NTC Delay is larger than ModPath Delay
/EDA_LIB/LIB/CBDK_IC_Contest_v2.5/Verilog/tsmc13_neg.v, 26810
instance: TESTBED.u_FIFO.sram_row_31__cell_q_reg_6_
  Negative Timing Check delay of signal "negedge D" is "163",
  which is larger than module path delay "162" 

the relevant timing check as below,
("/EDA_LIB/LIB/CBDK_IC_Contest_v2.5/Verilog/tsmc13_neg.v", 26816, $setuphold(negedge G
	&&& (SandR == 1'b1), negedge D,... ))


Warning-[SDFCOM_NTCDTL] NTC Delay is larger than ModPath Delay
/EDA_LIB/LIB/CBDK_IC_Contest_v2.5/Verilog/tsmc13_neg.v, 26810
instance: TESTBED.u_FIFO.sram_row_31__cell_q_reg_7_
  Negative Timing Check delay of signal "negedge D" is "163",
  which is larger than module path delay "162" 

the relevant timing check as below,
("/EDA_LIB/LIB/CBDK_IC_Contest_v2.5/Verilog/tsmc13_neg.v", 26816, $setuphold(negedge G &&& (SandR == 1'b1), negedge D,... ))


Warning-[SDFCOM_NTCDTL] NTC Delay is larger than ModPath Delay
/EDA_LIB/LIB/CBDK_IC_Contest_v2.5/Verilog/tsmc13_neg.v, 26810
instance: TESTBED.u_FIFO.sram_row_3__cell_q_reg_0_
  Negative Timing Check delay of signal "negedge D" is "157",
  which is larger than module path delay "150" 

the relevant timing check as below,
("/EDA_LIB/LIB/CBDK_IC_Contest_v2.5/Verilog/tsmc13_neg.v", 26816, $setuphold(
	negedge G &&& (SandR == 1'b1), negedge D,... ))


Warning-[SDFCOM_NTCDTL] NTC Delay is larger than ModPath Delay
/EDA_LIB/LIB/CBDK_IC_Contest_v2.5/Verilog/tsmc13_neg.v, 26810
instance: TESTBED.u_FIFO.sram_row_3__cell_q_reg_1_
  Negative Timing Check delay of signal "negedge D" is "157",
  which is larger than module path delay "150" 

the relevant timing check as below,
("/EDA_LIB/LIB/CBDK_IC_Contest_v2.5/Verilog/tsmc13_neg.v", 26816, $setuphold(negedge G &&& (SandR == 1'b1), 
	negedge D,... ))


Warning-[SDFCOM_NTCDTL] NTC Delay is larger than ModPath Delay
/EDA_LIB/LIB/CBDK_IC_Contest_v2.5/Verilog/tsmc13_neg.v, 26810
instance: TESTBED.u_FIFO.sram_row_3__cell_q_reg_2_
  Negative Timing Check delay of signal "negedge D" is "157",
  which is larger than module path delay "150" 

the relevant timing check as below,
("/EDA_LIB/LIB/CBDK_IC_Contest_v2.5/Verilog/tsmc13_neg.v", 26816, $setuphold(negedge G &&& (SandR == 1'b1), negedge D,... ))


Warning-[SDFCOM_NTCDTL] NTC Delay is larger than ModPath Delay
/EDA_LIB/LIB/CBDK_IC_Contest_v2.5/Verilog/tsmc13_neg.v, 26810
instance: TESTBED.u_FIFO.sram_row_3__cell_q_reg_3_
  Negative Timing Check delay of signal "negedge D" is "157",
  which is larger than module path delay "150" 

the relevant timing check as below,
("/EDA_LIB/LIB/CBDK_IC_Contest_v2.5/Verilog/tsmc13_neg.v", 26816, $setuphold(negedge G &&& (SandR == 
	1'b1), negedge D,... ))


Warning-[SDFCOM_NTCDTL] NTC Delay is larger than ModPath Delay
/EDA_LIB/LIB/CBDK_IC_Contest_v2.5/Verilog/tsmc13_neg.v, 26810
instance: TESTBED.u_FIFO.sram_row_3__cell_q_reg_4_
  Negative Timing Check delay of signal "negedge D" is "157",
  which is larger than module path delay "150" 

the relevant timing check as below,
("/EDA_LIB/LIB/CBDK_IC_Contest_v2.5/Verilog/tsmc13_neg.v", 26816, $setuphold(negedge G &&& (SandR == 1'b1), negedge D,... ))


Warning-[SDFCOM_NTCDTL] NTC Delay is larger than ModPath Delay
/EDA_LIB/LIB/CBDK_IC_Contest_v2.5/Verilog/tsmc13_neg.v, 26810
instance: TESTBED.u_FIFO.sram_row_3__cell_q_reg_5_
  Negative Timing Check delay of signal "negedge D" is "157",
  which is larger than module path delay "150" 

the relevant timing check as below,
("/EDA_LIB/LIB/CBDK_IC_Contest_v2.5/Verilog/tsmc13_neg.v", 26816, $setuphold(negedge G &&& (SandR
	== 1'b1), negedge D,... ))


Warning-[SDFCOM_NTCDTL] NTC Delay is larger than ModPath Delay
/EDA_LIB/LIB/CBDK_IC_Contest_v2.5/Verilog/tsmc13_neg.v, 26810
instance: TESTBED.u_FIFO.sram_row_3__cell_q_reg_6_
  Negative Timing Check delay of signal "negedge D" is "157",
  which is larger than module path delay "150" 

the relevant timing check as below,
("/EDA_LIB/LIB/CBDK_IC_Contest_v2.5/Verilog/tsmc13_neg.v", 26816, $setuphold(negedge G &&& (SandR == 1'b1), negedge D,... ))


Warning-[SDFCOM_NTCDTL] NTC Delay is larger than ModPath Delay
/EDA_LIB/LIB/CBDK_IC_Contest_v2.5/Verilog/tsmc13_neg.v, 26810
instance: TESTBED.u_FIFO.sram_row_3__cell_q_reg_7_
  Negative Timing Check delay of signal "negedge D" is "157",
  which is larger than module path delay "150" 

the relevant timing check as below,
("/EDA_LIB/LIB/CBDK_IC_Contest_v2.5/Verilog/tsmc13_neg.v", 26816, $setuphold(negedge G &&& (
	SandR == 1'b1), negedge D,... ))


Warning-[SDFCOM_NTCDTL] NTC Delay is larger than ModPath Delay
/EDA_LIB/LIB/CBDK_IC_Contest_v2.5/Verilog/tsmc13_neg.v, 26810
instance: TESTBED.u_FIFO.sram_row_4__cell_q_reg_0_
  Negative Timing Check delay of signal "negedge D" is "157",
  which is larger than module path delay "142" 

the relevant timing check as below,
("/EDA_LIB/LIB/CBDK_IC_Contest_v2.5/Verilog/tsmc13_neg.v", 26816, $setuphold(negedge G &&& (SandR == 1'b1), negedge D,... ))


Warning-[SDFCOM_NTCDTL] NTC Delay is larger than ModPath Delay
/EDA_LIB/LIB/CBDK_IC_Contest_v2.5/Verilog/tsmc13_neg.v, 26810
instance: TESTBED.u_FIFO.sram_row_4__cell_q_reg_1_
  Negative Timing Check delay of signal "negedge D" is "157",
  which is larger than module path delay "142" 

the relevant timing check as below,
("/EDA_LIB/LIB/CBDK_IC_Contest_v2.5/Verilog/tsmc13_neg.v", 26816, $setuphold(negedge G
	&&& (SandR == 1'b1), negedge D,... ))


Warning-[SDFCOM_NTCDTL] NTC Delay is larger than ModPath Delay
/EDA_LIB/LIB/CBDK_IC_Contest_v2.5/Verilog/tsmc13_neg.v, 26810
instance: TESTBED.u_FIFO.sram_row_4__cell_q_reg_2_
  Negative Timing Check delay of signal "negedge D" is "157",
  which is larger than module path delay "142" 

the relevant timing check as below,
("/EDA_LIB/LIB/CBDK_IC_Contest_v2.5/Verilog/tsmc13_neg.v", 26816, $setuphold(negedge G &&& (SandR == 1'b1), negedge D,... ))


Warning-[SDFCOM_NTCDTL] NTC Delay is larger than ModPath Delay
/EDA_LIB/LIB/CBDK_IC_Contest_v2.5/Verilog/tsmc13_neg.v, 26810
instance: TESTBED.u_FIFO.sram_row_4__cell_q_reg_3_
  Negative Timing Check delay of signal "negedge D" is "157",
  which is larger than module path delay "142" 

the relevant timing check as below,
("/EDA_LIB/LIB/CBDK_IC_Contest_v2.5/Verilog/tsmc13_neg.v", 26816, $setuphold(
	negedge G &&& (SandR == 1'b1), negedge D,... ))


Warning-[SDFCOM_NTCDTL] NTC Delay is larger than ModPath Delay
/EDA_LIB/LIB/CBDK_IC_Contest_v2.5/Verilog/tsmc13_neg.v, 26810
instance: TESTBED.u_FIFO.sram_row_4__cell_q_reg_4_
  Negative Timing Check delay of signal "negedge D" is "157",
  which is larger than module path delay "142" 

the relevant timing check as below,
("/EDA_LIB/LIB/CBDK_IC_Contest_v2.5/Verilog/tsmc13_neg.v", 26816, $setuphold(negedge G &&& (SandR == 1'b1), 
	negedge D,... ))


Warning-[SDFCOM_NTCDTL] NTC Delay is larger than ModPath Delay
/EDA_LIB/LIB/CBDK_IC_Contest_v2.5/Verilog/tsmc13_neg.v, 26810
instance: TESTBED.u_FIFO.sram_row_4__cell_q_reg_5_
  Negative Timing Check delay of signal "negedge D" is "157",
  which is larger than module path delay "142" 

the relevant timing check as below,
("/EDA_LIB/LIB/CBDK_IC_Contest_v2.5/Verilog/tsmc13_neg.v", 26816, $setuphold(negedge G &&& (SandR == 1'b1), negedge D,... ))


Warning-[SDFCOM_NTCDTL] NTC Delay is larger than ModPath Delay
/EDA_LIB/LIB/CBDK_IC_Contest_v2.5/Verilog/tsmc13_neg.v, 26810
instance: TESTBED.u_FIFO.sram_row_4__cell_q_reg_6_
  Negative Timing Check delay of signal "negedge D" is "157",
  which is larger than module path delay "142" 

the relevant timing check as below,
("/EDA_LIB/LIB/CBDK_IC_Contest_v2.5/Verilog/tsmc13_neg.v", 26816, $setuphold(negedge G &&& (SandR == 
	1'b1), negedge D,... ))


Warning-[SDFCOM_NTCDTL] NTC Delay is larger than ModPath Delay
/EDA_LIB/LIB/CBDK_IC_Contest_v2.5/Verilog/tsmc13_neg.v, 26810
instance: TESTBED.u_FIFO.sram_row_4__cell_q_reg_7_
  Negative Timing Check delay of signal "negedge D" is "157",
  which is larger than module path delay "142" 

the relevant timing check as below,
("/EDA_LIB/LIB/CBDK_IC_Contest_v2.5/Verilog/tsmc13_neg.v", 26816, $setuphold(negedge G &&& (SandR == 1'b1), negedge D,... ))


Warning-[SDFCOM_NTCDTL] NTC Delay is larger than ModPath Delay
/EDA_LIB/LIB/CBDK_IC_Contest_v2.5/Verilog/tsmc13_neg.v, 26810
instance: TESTBED.u_FIFO.sram_row_5__cell_q_reg_0_
  Negative Timing Check delay of signal "negedge D" is "157",
  which is larger than module path delay "145" 

the relevant timing check as below,
("/EDA_LIB/LIB/CBDK_IC_Contest_v2.5/Verilog/tsmc13_neg.v", 26816, $setuphold(negedge G &&& (SandR
	== 1'b1), negedge D,... ))


Warning-[SDFCOM_NTCDTL] NTC Delay is larger than ModPath Delay
/EDA_LIB/LIB/CBDK_IC_Contest_v2.5/Verilog/tsmc13_neg.v, 26810
instance: TESTBED.u_FIFO.sram_row_5__cell_q_reg_1_
  Negative Timing Check delay of signal "negedge D" is "157",
  which is larger than module path delay "145" 

the relevant timing check as below,
("/EDA_LIB/LIB/CBDK_IC_Contest_v2.5/Verilog/tsmc13_neg.v", 26816, $setuphold(negedge G &&& (SandR == 1'b1), negedge D,... ))


Warning-[SDFCOM_NTCDTL] NTC Delay is larger than ModPath Delay
/EDA_LIB/LIB/CBDK_IC_Contest_v2.5/Verilog/tsmc13_neg.v, 26810
instance: TESTBED.u_FIFO.sram_row_5__cell_q_reg_2_
  Negative Timing Check delay of signal "negedge D" is "157",
  which is larger than module path delay "145" 

the relevant timing check as below,
("/EDA_LIB/LIB/CBDK_IC_Contest_v2.5/Verilog/tsmc13_neg.v", 26816, $setuphold(negedge G &&& (
	SandR == 1'b1), negedge D,... ))


Warning-[SDFCOM_NTCDTL] NTC Delay is larger than ModPath Delay
/EDA_LIB/LIB/CBDK_IC_Contest_v2.5/Verilog/tsmc13_neg.v, 26810
instance: TESTBED.u_FIFO.sram_row_5__cell_q_reg_3_
  Negative Timing Check delay of signal "negedge D" is "157",
  which is larger than module path delay "145" 

the relevant timing check as below,
("/EDA_LIB/LIB/CBDK_IC_Contest_v2.5/Verilog/tsmc13_neg.v", 26816, $setuphold(negedge G &&& (SandR == 1'b1), negedge D,... ))


Warning-[SDFCOM_NTCDTL] NTC Delay is larger than ModPath Delay
/EDA_LIB/LIB/CBDK_IC_Contest_v2.5/Verilog/tsmc13_neg.v, 26810
instance: TESTBED.u_FIFO.sram_row_5__cell_q_reg_4_
  Negative Timing Check delay of signal "negedge D" is "157",
  which is larger than module path delay "145" 

the relevant timing check as below,
("/EDA_LIB/LIB/CBDK_IC_Contest_v2.5/Verilog/tsmc13_neg.v", 26816, $setuphold(negedge G
	&&& (SandR == 1'b1), negedge D,... ))


Warning-[SDFCOM_NTCDTL] NTC Delay is larger than ModPath Delay
/EDA_LIB/LIB/CBDK_IC_Contest_v2.5/Verilog/tsmc13_neg.v, 26810
instance: TESTBED.u_FIFO.sram_row_5__cell_q_reg_5_
  Negative Timing Check delay of signal "negedge D" is "157",
  which is larger than module path delay "145" 

the relevant timing check as below,
("/EDA_LIB/LIB/CBDK_IC_Contest_v2.5/Verilog/tsmc13_neg.v", 26816, $setuphold(negedge G &&& (SandR == 1'b1), negedge D,... ))


Warning-[SDFCOM_NTCDTL] NTC Delay is larger than ModPath Delay
/EDA_LIB/LIB/CBDK_IC_Contest_v2.5/Verilog/tsmc13_neg.v, 26810
instance: TESTBED.u_FIFO.sram_row_5__cell_q_reg_6_
  Negative Timing Check delay of signal "negedge D" is "157",
  which is larger than module path delay "145" 

the relevant timing check as below,
("/EDA_LIB/LIB/CBDK_IC_Contest_v2.5/Verilog/tsmc13_neg.v", 26816, $setuphold(
	negedge G &&& (SandR == 1'b1), negedge D,... ))


Warning-[SDFCOM_NTCDTL] NTC Delay is larger than ModPath Delay
/EDA_LIB/LIB/CBDK_IC_Contest_v2.5/Verilog/tsmc13_neg.v, 26810
instance: TESTBED.u_FIFO.sram_row_5__cell_q_reg_7_
  Negative Timing Check delay of signal "negedge D" is "157",
  which is larger than module path delay "145" 

the relevant timing check as below,
("/EDA_LIB/LIB/CBDK_IC_Contest_v2.5/Verilog/tsmc13_neg.v", 26816, $setuphold(negedge G &&& (SandR == 1'b1), 
	negedge D,... ))


Warning-[SDFCOM_NTCDTL] NTC Delay is larger than ModPath Delay
/EDA_LIB/LIB/CBDK_IC_Contest_v2.5/Verilog/tsmc13_neg.v, 26810
instance: TESTBED.u_FIFO.sram_row_6__cell_q_reg_0_
  Negative Timing Check delay of signal "negedge D" is "163",
  which is larger than module path delay "162" 

the relevant timing check as below,
("/EDA_LIB/LIB/CBDK_IC_Contest_v2.5/Verilog/tsmc13_neg.v", 26816, $setuphold(negedge G &&& (SandR == 1'b1), negedge D,... ))


Warning-[SDFCOM_NTCDTL] NTC Delay is larger than ModPath Delay
/EDA_LIB/LIB/CBDK_IC_Contest_v2.5/Verilog/tsmc13_neg.v, 26810
instance: TESTBED.u_FIFO.sram_row_6__cell_q_reg_1_
  Negative Timing Check delay of signal "negedge D" is "163",
  which is larger than module path delay "162" 

the relevant timing check as below,
("/EDA_LIB/LIB/CBDK_IC_Contest_v2.5/Verilog/tsmc13_neg.v", 26816, $setuphold(negedge G &&& (SandR == 
	1'b1), negedge D,... ))


Warning-[SDFCOM_NTCDTL] NTC Delay is larger than ModPath Delay
/EDA_LIB/LIB/CBDK_IC_Contest_v2.5/Verilog/tsmc13_neg.v, 26810
instance: TESTBED.u_FIFO.sram_row_6__cell_q_reg_2_
  Negative Timing Check delay of signal "negedge D" is "163",
  which is larger than module path delay "162" 

the relevant timing check as below,
("/EDA_LIB/LIB/CBDK_IC_Contest_v2.5/Verilog/tsmc13_neg.v", 26816, $setuphold(negedge G &&& (SandR == 1'b1), negedge D,... ))


Warning-[SDFCOM_NTCDTL] NTC Delay is larger than ModPath Delay
/EDA_LIB/LIB/CBDK_IC_Contest_v2.5/Verilog/tsmc13_neg.v, 26810
instance: TESTBED.u_FIFO.sram_row_6__cell_q_reg_3_
  Negative Timing Check delay of signal "negedge D" is "163",
  which is larger than module path delay "162" 

the relevant timing check as below,
("/EDA_LIB/LIB/CBDK_IC_Contest_v2.5/Verilog/tsmc13_neg.v", 26816, $setuphold(negedge G &&& (SandR
	== 1'b1), negedge D,... ))


Warning-[SDFCOM_NTCDTL] NTC Delay is larger than ModPath Delay
/EDA_LIB/LIB/CBDK_IC_Contest_v2.5/Verilog/tsmc13_neg.v, 26810
instance: TESTBED.u_FIFO.sram_row_6__cell_q_reg_4_
  Negative Timing Check delay of signal "negedge D" is "163",
  which is larger than module path delay "162" 

the relevant timing check as below,
("/EDA_LIB/LIB/CBDK_IC_Contest_v2.5/Verilog/tsmc13_neg.v", 26816, $setuphold(negedge G &&& (SandR == 1'b1), negedge D,... ))


Warning-[SDFCOM_NTCDTL] NTC Delay is larger than ModPath Delay
/EDA_LIB/LIB/CBDK_IC_Contest_v2.5/Verilog/tsmc13_neg.v, 26810
instance: TESTBED.u_FIFO.sram_row_6__cell_q_reg_5_
  Negative Timing Check delay of signal "negedge D" is "163",
  which is larger than module path delay "162" 

the relevant timing check as below,
("/EDA_LIB/LIB/CBDK_IC_Contest_v2.5/Verilog/tsmc13_neg.v", 26816, $setuphold(negedge G &&& (
	SandR == 1'b1), negedge D,... ))


Warning-[SDFCOM_NTCDTL] NTC Delay is larger than ModPath Delay
/EDA_LIB/LIB/CBDK_IC_Contest_v2.5/Verilog/tsmc13_neg.v, 26810
instance: TESTBED.u_FIFO.sram_row_6__cell_q_reg_6_
  Negative Timing Check delay of signal "negedge D" is "163",
  which is larger than module path delay "162" 

the relevant timing check as below,
("/EDA_LIB/LIB/CBDK_IC_Contest_v2.5/Verilog/tsmc13_neg.v", 26816, $setuphold(negedge G &&& (SandR == 1'b1), negedge D,... ))


Warning-[SDFCOM_NTCDTL] NTC Delay is larger than ModPath Delay
/EDA_LIB/LIB/CBDK_IC_Contest_v2.5/Verilog/tsmc13_neg.v, 26810
instance: TESTBED.u_FIFO.sram_row_6__cell_q_reg_7_
  Negative Timing Check delay of signal "negedge D" is "163",
  which is larger than module path delay "162" 

the relevant timing check as below,
("/EDA_LIB/LIB/CBDK_IC_Contest_v2.5/Verilog/tsmc13_neg.v", 26816, $setuphold(negedge G
	&&& (SandR == 1'b1), negedge D,... ))


Warning-[SDFCOM_NTCDTL] NTC Delay is larger than ModPath Delay
/EDA_LIB/LIB/CBDK_IC_Contest_v2.5/Verilog/tsmc13_neg.v, 26810
instance: TESTBED.u_FIFO.sram_row_7__cell_q_reg_0_
  Negative Timing Check delay of signal "negedge D" is "163",
  which is larger than module path delay "162" 

the relevant timing check as below,
("/EDA_LIB/LIB/CBDK_IC_Contest_v2.5/Verilog/tsmc13_neg.v", 26816, $setuphold(negedge G &&& (SandR == 1'b1), negedge D,... ))


Warning-[SDFCOM_NTCDTL] NTC Delay is larger than ModPath Delay
/EDA_LIB/LIB/CBDK_IC_Contest_v2.5/Verilog/tsmc13_neg.v, 26810
instance: TESTBED.u_FIFO.sram_row_7__cell_q_reg_1_
  Negative Timing Check delay of signal "negedge D" is "163",
  which is larger than module path delay "162" 

the relevant timing check as below,
("/EDA_LIB/LIB/CBDK_IC_Contest_v2.5/Verilog/tsmc13_neg.v", 26816, $setuphold(
	negedge G &&& (SandR == 1'b1), negedge D,... ))


Warning-[SDFCOM_NTCDTL] NTC Delay is larger than ModPath Delay
/EDA_LIB/LIB/CBDK_IC_Contest_v2.5/Verilog/tsmc13_neg.v, 26810
instance: TESTBED.u_FIFO.sram_row_7__cell_q_reg_2_
  Negative Timing Check delay of signal "negedge D" is "163",
  which is larger than module path delay "162" 

the relevant timing check as below,
("/EDA_LIB/LIB/CBDK_IC_Contest_v2.5/Verilog/tsmc13_neg.v", 26816, $setuphold(negedge G &&& (SandR == 1'b1), 
	negedge D,... ))


Warning-[SDFCOM_NTCDTL] NTC Delay is larger than ModPath Delay
/EDA_LIB/LIB/CBDK_IC_Contest_v2.5/Verilog/tsmc13_neg.v, 26810
instance: TESTBED.u_FIFO.sram_row_7__cell_q_reg_3_
  Negative Timing Check delay of signal "negedge D" is "163",
  which is larger than module path delay "162" 

the relevant timing check as below,
("/EDA_LIB/LIB/CBDK_IC_Contest_v2.5/Verilog/tsmc13_neg.v", 26816, $setuphold(negedge G &&& (SandR == 1'b1), negedge D,... ))


Warning-[SDFCOM_NTCDTL] NTC Delay is larger than ModPath Delay
/EDA_LIB/LIB/CBDK_IC_Contest_v2.5/Verilog/tsmc13_neg.v, 26810
instance: TESTBED.u_FIFO.sram_row_7__cell_q_reg_4_
  Negative Timing Check delay of signal "negedge D" is "163",
  which is larger than module path delay "162" 

the relevant timing check as below,
("/EDA_LIB/LIB/CBDK_IC_Contest_v2.5/Verilog/tsmc13_neg.v", 26816, $setuphold(negedge G &&& (SandR == 
	1'b1), negedge D,... ))


Warning-[SDFCOM_NTCDTL] NTC Delay is larger than ModPath Delay
/EDA_LIB/LIB/CBDK_IC_Contest_v2.5/Verilog/tsmc13_neg.v, 26810
instance: TESTBED.u_FIFO.sram_row_7__cell_q_reg_5_
  Negative Timing Check delay of signal "negedge D" is "163",
  which is larger than module path delay "162" 

the relevant timing check as below,
("/EDA_LIB/LIB/CBDK_IC_Contest_v2.5/Verilog/tsmc13_neg.v", 26816, $setuphold(negedge G &&& (SandR == 1'b1), negedge D,... ))


Warning-[SDFCOM_NTCDTL] NTC Delay is larger than ModPath Delay
/EDA_LIB/LIB/CBDK_IC_Contest_v2.5/Verilog/tsmc13_neg.v, 26810
instance: TESTBED.u_FIFO.sram_row_7__cell_q_reg_6_
  Negative Timing Check delay of signal "negedge D" is "163",
  which is larger than module path delay "162" 

the relevant timing check as below,
("/EDA_LIB/LIB/CBDK_IC_Contest_v2.5/Verilog/tsmc13_neg.v", 26816, $setuphold(negedge G &&& (SandR
	== 1'b1), negedge D,... ))


Warning-[SDFCOM_NTCDTL] NTC Delay is larger than ModPath Delay
/EDA_LIB/LIB/CBDK_IC_Contest_v2.5/Verilog/tsmc13_neg.v, 26810
instance: TESTBED.u_FIFO.sram_row_7__cell_q_reg_7_
  Negative Timing Check delay of signal "negedge D" is "163",
  which is larger than module path delay "162" 

the relevant timing check as below,
("/EDA_LIB/LIB/CBDK_IC_Contest_v2.5/Verilog/tsmc13_neg.v", 26816, $setuphold(negedge G &&& (SandR == 1'b1), negedge D,... ))


Warning-[SDFCOM_NTCDTL] NTC Delay is larger than ModPath Delay
/EDA_LIB/LIB/CBDK_IC_Contest_v2.5/Verilog/tsmc13_neg.v, 26810
instance: TESTBED.u_FIFO.sram_row_8__cell_q_reg_0_
  Negative Timing Check delay of signal "negedge D" is "163",
  which is larger than module path delay "154" 

the relevant timing check as below,
("/EDA_LIB/LIB/CBDK_IC_Contest_v2.5/Verilog/tsmc13_neg.v", 26816, $setuphold(negedge G &&& (
	SandR == 1'b1), negedge D,... ))


Warning-[SDFCOM_NTCDTL] NTC Delay is larger than ModPath Delay
/EDA_LIB/LIB/CBDK_IC_Contest_v2.5/Verilog/tsmc13_neg.v, 26810
instance: TESTBED.u_FIFO.sram_row_8__cell_q_reg_1_
  Negative Timing Check delay of signal "negedge D" is "163",
  which is larger than module path delay "154" 

the relevant timing check as below,
("/EDA_LIB/LIB/CBDK_IC_Contest_v2.5/Verilog/tsmc13_neg.v", 26816, $setuphold(negedge G &&& (SandR == 1'b1), negedge D,... ))


Warning-[SDFCOM_NTCDTL] NTC Delay is larger than ModPath Delay
/EDA_LIB/LIB/CBDK_IC_Contest_v2.5/Verilog/tsmc13_neg.v, 26810
instance: TESTBED.u_FIFO.sram_row_8__cell_q_reg_2_
  Negative Timing Check delay of signal "negedge D" is "163",
  which is larger than module path delay "154" 

the relevant timing check as below,
("/EDA_LIB/LIB/CBDK_IC_Contest_v2.5/Verilog/tsmc13_neg.v", 26816, $setuphold(negedge G
	&&& (SandR == 1'b1), negedge D,... ))


Warning-[SDFCOM_NTCDTL] NTC Delay is larger than ModPath Delay
/EDA_LIB/LIB/CBDK_IC_Contest_v2.5/Verilog/tsmc13_neg.v, 26810
instance: TESTBED.u_FIFO.sram_row_8__cell_q_reg_3_
  Negative Timing Check delay of signal "negedge D" is "163",
  which is larger than module path delay "154" 

the relevant timing check as below,
("/EDA_LIB/LIB/CBDK_IC_Contest_v2.5/Verilog/tsmc13_neg.v", 26816, $setuphold(negedge G &&& (SandR == 1'b1), negedge D,... ))


Warning-[SDFCOM_NTCDTL] NTC Delay is larger than ModPath Delay
/EDA_LIB/LIB/CBDK_IC_Contest_v2.5/Verilog/tsmc13_neg.v, 26810
instance: TESTBED.u_FIFO.sram_row_8__cell_q_reg_4_
  Negative Timing Check delay of signal "negedge D" is "163",
  which is larger than module path delay "154" 

the relevant timing check as below,
("/EDA_LIB/LIB/CBDK_IC_Contest_v2.5/Verilog/tsmc13_neg.v", 26816, $setuphold(
	negedge G &&& (SandR == 1'b1), negedge D,... ))


Warning-[SDFCOM_NTCDTL] NTC Delay is larger than ModPath Delay
/EDA_LIB/LIB/CBDK_IC_Contest_v2.5/Verilog/tsmc13_neg.v, 26810
instance: TESTBED.u_FIFO.sram_row_8__cell_q_reg_5_
  Negative Timing Check delay of signal "negedge D" is "163",
  which is larger than module path delay "154" 

the relevant timing check as below,
("/EDA_LIB/LIB/CBDK_IC_Contest_v2.5/Verilog/tsmc13_neg.v", 26816, $setuphold(negedge G &&& (SandR == 1'b1), 
	negedge D,... ))


Warning-[SDFCOM_NTCDTL] NTC Delay is larger than ModPath Delay
/EDA_LIB/LIB/CBDK_IC_Contest_v2.5/Verilog/tsmc13_neg.v, 26810
instance: TESTBED.u_FIFO.sram_row_8__cell_q_reg_6_
  Negative Timing Check delay of signal "negedge D" is "163",
  which is larger than module path delay "154" 

the relevant timing check as below,
("/EDA_LIB/LIB/CBDK_IC_Contest_v2.5/Verilog/tsmc13_neg.v", 26816, $setuphold(negedge G &&& (SandR == 1'b1), negedge D,... ))


Warning-[SDFCOM_NTCDTL] NTC Delay is larger than ModPath Delay
/EDA_LIB/LIB/CBDK_IC_Contest_v2.5/Verilog/tsmc13_neg.v, 26810
instance: TESTBED.u_FIFO.sram_row_8__cell_q_reg_7_
  Negative Timing Check delay of signal "negedge D" is "163",
  which is larger than module path delay "154" 

the relevant timing check as below,
("/EDA_LIB/LIB/CBDK_IC_Contest_v2.5/Verilog/tsmc13_neg.v", 26816, $setuphold(negedge G &&& (SandR == 
	1'b1), negedge D,... ))


Warning-[SDFCOM_NTCDTL] NTC Delay is larger than ModPath Delay
/EDA_LIB/LIB/CBDK_IC_Contest_v2.5/Verilog/tsmc13_neg.v, 26810
instance: TESTBED.u_FIFO.sram_row_9__cell_q_reg_0_
  Negative Timing Check delay of signal "negedge D" is "163",
  which is larger than module path delay "157" 

the relevant timing check as below,
("/EDA_LIB/LIB/CBDK_IC_Contest_v2.5/Verilog/tsmc13_neg.v", 26816, $setuphold(negedge G &&& (SandR == 1'b1), negedge D,... ))


Warning-[SDFCOM_NTCDTL] NTC Delay is larger than ModPath Delay
/EDA_LIB/LIB/CBDK_IC_Contest_v2.5/Verilog/tsmc13_neg.v, 26810
instance: TESTBED.u_FIFO.sram_row_9__cell_q_reg_1_
  Negative Timing Check delay of signal "negedge D" is "163",
  which is larger than module path delay "157" 

the relevant timing check as below,
("/EDA_LIB/LIB/CBDK_IC_Contest_v2.5/Verilog/tsmc13_neg.v", 26816, $setuphold(negedge G &&& (SandR
	== 1'b1), negedge D,... ))


Warning-[SDFCOM_NTCDTL] NTC Delay is larger than ModPath Delay
/EDA_LIB/LIB/CBDK_IC_Contest_v2.5/Verilog/tsmc13_neg.v, 26810
instance: TESTBED.u_FIFO.sram_row_9__cell_q_reg_2_
  Negative Timing Check delay of signal "negedge D" is "163",
  which is larger than module path delay "157" 

the relevant timing check as below,
("/EDA_LIB/LIB/CBDK_IC_Contest_v2.5/Verilog/tsmc13_neg.v", 26816, $setuphold(negedge G &&& (SandR == 1'b1), negedge D,... ))


Warning-[SDFCOM_NTCDTL] NTC Delay is larger than ModPath Delay
/EDA_LIB/LIB/CBDK_IC_Contest_v2.5/Verilog/tsmc13_neg.v, 26810
instance: TESTBED.u_FIFO.sram_row_9__cell_q_reg_3_
  Negative Timing Check delay of signal "negedge D" is "163",
  which is larger than module path delay "157" 

the relevant timing check as below,
("/EDA_LIB/LIB/CBDK_IC_Contest_v2.5/Verilog/tsmc13_neg.v", 26816, $setuphold(negedge G &&& (
	SandR == 1'b1), negedge D,... ))


Warning-[SDFCOM_NTCDTL] NTC Delay is larger than ModPath Delay
/EDA_LIB/LIB/CBDK_IC_Contest_v2.5/Verilog/tsmc13_neg.v, 26810
instance: TESTBED.u_FIFO.sram_row_9__cell_q_reg_4_
  Negative Timing Check delay of signal "negedge D" is "163",
  which is larger than module path delay "157" 

the relevant timing check as below,
("/EDA_LIB/LIB/CBDK_IC_Contest_v2.5/Verilog/tsmc13_neg.v", 26816, $setuphold(negedge G &&& (SandR == 1'b1), negedge D,... ))


Warning-[SDFCOM_NTCDTL] NTC Delay is larger than ModPath Delay
/EDA_LIB/LIB/CBDK_IC_Contest_v2.5/Verilog/tsmc13_neg.v, 26810
instance: TESTBED.u_FIFO.sram_row_9__cell_q_reg_5_
  Negative Timing Check delay of signal "negedge D" is "163",
  which is larger than module path delay "157" 

the relevant timing check as below,
("/EDA_LIB/LIB/CBDK_IC_Contest_v2.5/Verilog/tsmc13_neg.v", 26816, $setuphold(negedge G
	&&& (SandR == 1'b1), negedge D,... ))


Warning-[SDFCOM_NTCDTL] NTC Delay is larger than ModPath Delay
/EDA_LIB/LIB/CBDK_IC_Contest_v2.5/Verilog/tsmc13_neg.v, 26810
instance: TESTBED.u_FIFO.sram_row_9__cell_q_reg_6_
  Negative Timing Check delay of signal "negedge D" is "163",
  which is larger than module path delay "157" 

the relevant timing check as below,
("/EDA_LIB/LIB/CBDK_IC_Contest_v2.5/Verilog/tsmc13_neg.v", 26816, $setuphold(negedge G &&& (SandR == 1'b1), negedge D,... ))


Warning-[SDFCOM_NTCDTL] NTC Delay is larger than ModPath Delay
/EDA_LIB/LIB/CBDK_IC_Contest_v2.5/Verilog/tsmc13_neg.v, 26810
instance: TESTBED.u_FIFO.sram_row_9__cell_q_reg_7_
  Negative Timing Check delay of signal "negedge D" is "163",
  which is larger than module path delay "157" 

the relevant timing check as below,
("/EDA_LIB/LIB/CBDK_IC_Contest_v2.5/Verilog/tsmc13_neg.v", 26816, $setuphold(
	negedge G &&& (SandR == 1'b1), negedge D,... ))

Starting vcs inline pass...

Note-[VCS_PARAL] Parallel code-gen enabled
  VCS is running with parallel code generation(-j)...

22 modules and 2 UDPs read.
recompiling module FIFO
recompiling module PATTERN
recompiling module DFFNSRXL
recompiling module TLATX1
recompiling module DFFRX1
recompiling module ADDHXL
recompiling module TESTBED
recompiling module AOI221XL
recompiling module AO22X1
recompiling module OAI2BB2XL
recompiling module XOR2X1
recompiling module XNOR2X1
recompiling module AND4X1
recompiling module NAND4X1
recompiling module NAND3X1
recompiling module AND2X2
recompiling module NAND2X1
recompiling module NOR2X1
recompiling module AND3X2
recompiling module NOR3BXL
recompiling module CLKBUFX3
recompiling module CLKINVX1
All of 22 modules done
make[1]: Entering directory `/home/VLSILAB45/Lab4/03_GATE/csrc'
rm -f _cuarc*.so _csrc*.so pre_vcsobj_*.so share_vcsobj_*.so
ld -shared  -Bsymbolic   -o .//../simv.daidir//_cuarc0.so objs/amcQw_d.o 
rm -f _cuarc0.so
if [ -x ../simv ]; then chmod a-x ../simv; fi
g++  -o ../simv      -rdynamic  -Wl,-rpath='$ORIGIN'/simv.daidir -Wl,-rpath=./simv.daidir \
-Wl,-rpath=/usr/cad/synopsys/vcs/2022.06/linux64/lib -L/usr/cad/synopsys/vcs/2022.06/linux64/lib \
-Wl,-rpath-link=./  /usr/lib64/libnuma.so.1     _13190_archive_1.so _13209_archive_1.so \
_prev_archive_1.so _cuarc0.so objs/udps/exIG1.o objs/udps/gSqMj.o  SIM_l.o      rmapats_mop.o \
rmapats.o rmar.o rmar_nd.o  rmar_llvm_0_1.o rmar_llvm_0_0.o           -lvirsim -lerrorinf \
-lsnpsmalloc -lvfs    -lvcsnew -lsimprofile -luclinative /usr/cad/synopsys/vcs/2022.06/linux64/lib/vcs_tls.o \
-Wl,-whole-archive  -lvcsucli    -Wl,-no-whole-archive        _vcs_pli_stub_.o   \
/usr/cad/synopsys/vcs/2022.06/linux64/lib/vcs_save_restore_new.o /usr/cad/synopsys/verdi/2022.06//share/PLI/VCS/LINUX64/pli.a \
-ldl  -lc -lm -lpthread -ldl 
../simv up to date
make[1]: Leaving directory `/home/VLSILAB45/Lab4/03_GATE/csrc'
Command: /home/VLSILAB45/Lab4/03_GATE/./simv +v2k -a vcs.log +define+GATE +neg_tchk
Chronologic VCS simulator copyright 1991-2022
Contains Synopsys proprietary information.
Compiler version T-2022.06_Full64; Runtime version T-2022.06_Full64;  May 19 03:48 2026
Doing SDF annotation ...... Done
*Verdi* Loading libsscore_vcs202206.so
FSDB Dumper for VCS, Release Verdi_T-2022.06, Linux x86_64/64bit, 05/29/2022
(C) 1996 - 2022 by Synopsys, Inc.
*Verdi* FSDB WARNING: The FSDB file already exists. Overwriting the FSDB file may crash the programs that are using this file.
*Verdi* : Create FSDB file 'FIFO_SYN.fsdb'
*Verdi* : Begin traversing the scopes, layer (0).
*Verdi* : Enable +mda dumping.
*Verdi* : End of traversing.
*Verdi* : Begin traversing the scopes, layer (0).
*Verdi* : End of traversing.
=> Start Full Task...
 [32m[INFO] FULL TASK PASSED [0m
=> Start Empty Task...
 [32m[INFO] EMPTY TASK PASSED [0m
=> Start Random R/W Task...
 [32m[INFO] RANDOM TASK PASSED [0m
*************************************************************************
*                Congratulations!                                       *
*                Your clock period = 20.0 ns                            *
*************************************************************************
==========================================================================================
$finish called from file "PATTERN.v", line 272.
$finish at simulation time             21552000
           V C S   S i m u l a t i o n   R e p o r t 
Time: 21552000 ps
CPU Time:      0.510 seconds;       Data structure size:   0.3Mb
Tue May 19 03:48:09 2026
CPU time: 1.054 seconds to compile + .408 seconds to elab + .708 seconds to link + .572 seconds in simulation
